created_at,key_type,key_bits,curve,hash_alg,envelope_type,verdict,chain_status,signing_time,tsa_present,finding_categories,is_anomaly
2026-08-06T05:39:00+00:00,ec,256,secp384r1,sha384,pdf,valid,trusted,2026-09-01T12:00:00+00:00,1,,0
2026-08-29T15:24:00+00:00,rsa,2048,,sha256,raw,valid,incomplete,2026-09-01T12:00:00+00:00,1,,0
2026-08-04T06:58:00+00:00,rsa,2048,,sha256,raw,valid,none,,1,,0
2026-08-05T00:22:00+00:00,ed25519,256,,sha256,raw,valid,trusted,2026-09-01T12:00:00+00:00,0,,0
2026-08-26T20:23:00+00:00,rsa,2048,,sha384,raw,valid,trusted,2026-09-01T12:00:00+00:00,1,,0
2026-08-07T01:18:00+00:00,ec,256,secp384r1,sha256,jws,valid,untrusted,2026-09-01T12:00:00+00:00,1,,0
2026-08-28T15:50:00+00:00,rsa,2048,,sha256,pdf,invalid,incomplete,2026-09-01T12:00:00+00:00,0,forgery,0
2026-08-07T21:06:00+00:00,ed25519,256,,sha384,cms,indeterminate,trusted,,0,timestamp,0
2026-08-27T18:29:00+00:00,ec,256,secp384r1,sha512,raw,valid,none,2026-09-01T12:00:00+00:00,0,,0
2026-08-29T16:20:00+00:00,ed25519,256,,sha256,raw,valid,trusted,2026-09-01T12:00:00+00:00,0,,0
2026-08-06T13:58:00+00:00,rsa,2048,,sha256,pdf,invalid,none,2026-09-01T12:00:00+00:00,1,revocation|chain|policy|weak_crypto,1
2026-08-23T12:34:00+00:00,rsa,2048,,sha256,raw,indeterminate,incomplete,2026-09-01T12:00:00+00:00,0,,0
2026-08-12T15:15:00+00:00,rsa,3072,,sha256,jws,valid,none,2026-09-01T12:00:00+00:00,0,,0
2026-08-18T03:55:00+00:00,rsa,3072,,sha256,pdf,valid,untrusted,2026-09-01T12:00:00+00:00,0,,0
2026-08-31T09:57:00+00:00,rsa,4096,,sha256,jws,valid,none,,0,,0
2026-08-31T15:19:00+00:00,ec,256,secp384r1,sha256,pdf,valid,trusted,,1,,0
2026-08-29T01:17:00+00:00,ec,256,secp256r1,sha256,raw,valid,trusted,2026-09-01T12:00:00+00:00,0,,0
2026-08-31T07:17:00+00:00,rsa,2048,,sha256,cms,valid,trusted,,1,,0
2026-08-07T04:40:00+00:00,ec,256,secp384r1,sha256,pdf,invalid,incomplete,,1,forgery,0
2026-08-21T14:02:00+00:00,rsa,1024,secp384r1,sha1,raw,invalid,trusted,,1,weak_crypto|forgery,1
2026-08-12T18:57:00+00:00,rsa,3072,,sha256,raw,valid,trusted,2026-09-01T12:00:00+00:00,1,,0
2026-09-01T03:43:00+00:00,rsa,2048,,sha256,raw,invalid,incomplete,2026-09-01T12:00:00+00:00,0,forgery|policy,1
2026-08-17T05:11:00+00:00,rsa,3072,,sha256,cms,valid,trusted,,1,,0
2026-08-03T20:55:00+00:00,rsa,2048,,sha256,pdf,valid,trusted,2026-09-01T12:00:00+00:00,0,,0
2026-08-04T02:11:00+00:00,dsa,1024,secp384r1,md5,raw,valid,error,,0,weak_crypto,1
2026-08-08T08:59:00+00:00,rsa,3072,,sha256,raw,valid,none,2026-09-01T12:00:00+00:00,0,,0
2026-08-28T03:32:00+00:00,ec,256,secp256r1,sha512,raw,valid,trusted,2026-09-01T12:00:00+00:00,0,,0
2026-08-23T21:33:00+00:00,ec,256,secp256r1,sha256,pdf,invalid,trusted,2026-09-01T12:00:00+00:00,0,forgery,0
2026-08-31T21:54:00+00:00,ec,256,secp256r1,sha512,raw,valid,trusted,2026-09-01T12:00:00+00:00,1,,0
2026-08-31T08:15:00+00:00,rsa,2048,,sha256,raw,invalid,trusted,,1,policy|forgery|chain|revocation,1
2026-08-03T04:10:00+00:00,ec,256,secp384r1,sha256,raw,valid,none,2026-09-01T12:00:00+00:00,1,,0
2026-08-22T03:06:00+00:00,rsa,4096,,sha256,raw,valid,trusted,,1,,0
2026-08-24T03:35:00+00:00,ec,256,secp384r1,sha256,jws,valid,trusted,2026-09-01T12:00:00+00:00,0,,0
2026-08-23T16:23:00+00:00,ed25519,256,,sha256,raw,valid,trusted,2026-09-01T12:00:00+00:00,0,,0
2026-08-30T03:28:00+00:00,rsa,2048,,sha256,pdf,valid,incomplete,2026-09-01T12:00:00+00:00,0,,0
2026-08-09T23:48:00+00:00,rsa,4096,,sha256,raw,valid,untrusted,2026-09-01T12:00:00+00:00,1,,0
2026-08-04T04:12:00+00:00,ec,256,secp384r1,sha256,raw,valid,trusted,2026-09-01T12:00:00+00:00,0,,0
2026-08-29T13:08:00+00:00,rsa,4096,,sha256,raw,valid,trusted,,0,,0
2026-08-15T21:55:00+00:00,ec,256,secp384r1,sha256,cms,valid,trusted,2026-09-01T12:00:00+00:00,1,,0
2026-08-08T17:22:00+00:00,rsa,3072,,sha384,jws,valid,trusted,2026-09-01T12:00:00+00:00,1,,0
2026-08-30T21:18:00+00:00,ec,256,secp256r1,sha256,pdf,valid,none,,0,,0
2026-08-29T15:48:00+00:00,ed25519,256,,sha256,pdf,valid,incomplete,,0,,0
2026-08-14T01:03:00+00:00,rsa,4096,,sha256,pdf,indeterminate,none,,1,,0
2026-08-07T07:09:00+00:00,rsa,4096,,sha256,jws,invalid,trusted,2026-09-01T12:00:00+00:00,0,forgery,0
2026-08-11T17:58:00+00:00,rsa,3072,,sha256,jws,valid,none,,1,,0
2026-08-19T14:00:00+00:00,ec,256,secp384r1,sha256,cms,valid,none,,1,,0
2026-08-17T06:32:00+00:00,rsa,3072,,sha384,raw,valid,untrusted,,0,,0
2026-08-12T15:02:00+00:00,ec,256,secp256r1,sha256,raw,valid,none,,0,,0
2026-08-20T08:31:00+00:00,ed25519,256,,sha256,jws,indeterminate,trusted,,0,timestamp,0
2026-08-06T02:43:00+00:00,rsa,3072,,sha256,raw,valid,trusted,,1,,0
2026-08-20T13:45:00+00:00,rsa,2048,,sha256,cms,valid,trusted,,0,,0
2026-08-12T21:21:00+00:00,ec,256,secp256r1,sha512,raw,valid,none,2026-09-01T12:00:00+00:00,1,,0
2026-08-28T14:43:00+00:00,rsa,2048,,sha384,pdf,indeterminate,trusted,2026-09-01T12:00:00+00:00,0,chain,0
2026-08-03T15:00:00+00:00,ec,256,secp256r1,sha256,raw,invalid,trusted,2026-09-01T12:00:00+00:00,1,validity|chain|policy|weak_crypto,1
2026-08-18T04:13:00+00:00,rsa,2048,,sha384,raw,invalid,trusted,2026-09-01T12:00:00+00:00,1,forgery,0
2026-08-12T09:59:00+00:00,ec,256,secp256r1,sha256,jws,indeterminate,trusted,2026-09-01T12:00:00+00:00,0,timestamp,0
2026-08-15T12:06:00+00:00,rsa,2048,,sha256,jws,valid,trusted,,1,,0
2026-08-10T23:41:00+00:00,rsa,3072,,sha256,jws,valid,trusted,2026-09-01T12:00:00+00:00,1,,0
2026-08-20T08:32:00+00:00,ec,256,secp256r1,sha256,jws,valid,none,2026-09-01T12:00:00+00:00,1,,0
2026-08-12T19:14:00+00:00,ec,256,secp256r1,sha256,raw,valid,trusted,,1,,0
2026-08-11T10:29:00+00:00,ec,256,secp256r1,sha256,pdf,valid,trusted,2026-09-01T12:00:00+00:00,1,,0
2026-08-10T11:18:00+00:00,ec,256,secp384r1,sha384,raw,invalid,none,2026-09-01T12:00:00+00:00,0,forgery,0
2026-08-18T01:17:00+00:00,rsa,2048,,sha384,raw,invalid,trusted,2026-09-01T12:00:00+00:00,1,policy|validity|weak_crypto|chain,1
2026-08-03T17:25:00+00:00,rsa,4096,,sha256,raw,valid,trusted,2026-09-01T12:00:00+00:00,0,,0
2026-08-14T18:08:00+00:00,rsa,3072,,sha256,raw,valid,untrusted,2026-09-01T12:00:00+00:00,0,,0
2026-08-24T08:53:00+00:00,ec,256,secp384r1,sha256,jws,valid,untrusted,,1,,0
2026-08-11T04:08:00+00:00,ec,256,secp256r1,sha384,raw,valid,untrusted,,0,,0
2026-08-06T05:04:00+00:00,rsa,2048,,sha384,raw,valid,none,2026-09-01T12:00:00+00:00,1,,0
2026-08-21T10:38:00+00:00,rsa,2048,,sha256,pdf,valid,trusted,,0,,0
2026-08-07T21:58:00+00:00,ec,256,secp256r1,sha256,cms,indeterminate,none,2026-09-01T12:00:00+00:00,0,chain,0
2026-08-19T01:09:00+00:00,ec,256,secp384r1,sha256,raw,valid,none,,1,,0
2026-08-18T07:45:00+00:00,rsa,4096,,sha256,raw,valid,untrusted,,0,,0
2026-08-18T08:13:00+00:00,ed25519,256,,sha256,cms,invalid,none,2026-09-01T12:00:00+00:00,0,forgery,0
2026-08-12T13:12:00+00:00,rsa,2048,,sha512,jws,valid,untrusted,2026-09-01T12:00:00+00:00,0,,0
2026-08-03T08:09:00+00:00,ed25519,256,,sha256,raw,valid,trusted,,0,,0
2026-08-24T05:42:00+00:00,ed25519,256,,sha256,raw,valid,trusted,,1,,0
2026-08-22T21:18:00+00:00,ec,256,secp384r1,sha256,jws,valid,none,,1,,0
2026-08-17T22:23:00+00:00,rsa,2048,,sha256,jws,valid,untrusted,2026-09-01T12:00:00+00:00,0,,0
2026-08-09T07:55:00+00:00,ec,256,secp384r1,sha512,pdf,indeterminate,incomplete,2026-09-01T12:00:00+00:00,1,timestamp,0
2026-08-28T22:56:00+00:00,rsa,1024,,sha1,jws,invalid,untrusted,,1,weak_crypto|forgery,1
2026-08-23T13:35:00+00:00,ec,256,secp384r1,sha384,jws,valid,trusted,2026-09-01T12:00:00+00:00,1,,0
2026-08-02T22:31:00+00:00,rsa,4096,,sha512,raw,valid,trusted,2026-09-01T12:00:00+00:00,0,,0
2026-08-10T14:37:00+00:00,rsa,3072,,sha256,jws,valid,trusted,2026-09-01T12:00:00+00:00,1,,0
2026-08-28T02:58:00+00:00,rsa,4096,,sha256,cms,valid,trusted,2026-09-01T12:00:00+00:00,1,,0
2026-08-04T02:05:00+00:00,ec,256,secp384r1,sha384,raw,valid,trusted,2026-09-01T12:00:00+00:00,0,,0
2026-08-12T20:05:00+00:00,ec,256,secp384r1,sha256,jws,valid,trusted,2026-09-01T12:00:00+00:00,0,,0
2026-08-10T22:24:00+00:00,rsa,4096,,sha256,jws,indeterminate,none,2026-09-01T12:00:00+00:00,1,timestamp,0
2026-08-14T00:48:00+00:00,rsa,3072,,sha384,jws,invalid,untrusted,2026-09-01T12:00:00+00:00,0,policy|forgery|validity|revocation,1
2026-08-24T17:34:00+00:00,ec,256,secp256r1,sha512,pdf,indeterminate,none,,1,chain,0
2026-08-17T22:37:00+00:00,rsa,3072,,sha256,raw,valid,trusted,2026-09-01T12:00:00+00:00,1,,0
2026-08-06T00:38:00+00:00,ec,256,secp384r1,sha384,pdf,valid,trusted,2026-09-01T12:00:00+00:00,0,,0
2026-08-14T08:54:00+00:00,rsa,2048,,sha512,jws,invalid,trusted,2026-09-01T12:00:00+00:00,0,forgery,0
2026-08-12T23:35:00+00:00,ec,256,secp384r1,sha256,pdf,valid,none,,1,,0
2026-08-21T14:05:00+00:00,rsa,2048,,sha256,pdf,valid,trusted,2026-09-01T12:00:00+00:00,0,,0
2026-08-07T17:04:00+00:00,rsa,4096,,sha256,raw,indeterminate,trusted,2026-09-01T12:00:00+00:00,1,,0
2026-08-14T21:46:00+00:00,rsa,3072,,sha384,raw,indeterminate,trusted,2026-09-01T12:00:00+00:00,0,chain,0
2026-08-26T16:48:00+00:00,ec,256,secp256r1,sha256,raw,indeterminate,untrusted,2026-09-01T12:00:00+00:00,1,timestamp,0
2026-08-02T18:46:00+00:00,ec,256,secp384r1,sha256,pdf,valid,none,2026-09-01T12:00:00+00:00,1,,0
2026-08-21T17:27:00+00:00,rsa,3072,,sha256,cms,valid,trusted,,1,,0
2026-08-12T10:39:00+00:00,ed25519,256,,sha256,raw,valid,untrusted,,1,,0
2026-08-05T00:18:00+00:00,ec,256,secp384r1,sha256,cms,invalid,trusted,,0,forgery,0
2026-08-11T16:31:00+00:00,rsa,2048,,sha256,jws,indeterminate,none,,1,timestamp,0
2026-08-08T23:13:00+00:00,rsa,2048,,sha256,jws,valid,trusted,2026-09-01T12:00:00+00:00,0,,0
2026-08-18T13:31:00+00:00,rsa,3072,,sha256,cms,valid,trusted,2026-09-01T12:00:00+00:00,0,,0
2026-08-24T08:48:00+00:00,rsa,4096,,sha512,raw,valid,incomplete,,1,,0
2026-09-01T02:09:00+00:00,rsa,2048,,sha384,cms,invalid,trusted,2026-09-01T12:00:00+00:00,1,forgery|policy,1
2026-08-19T21:33:00+00:00,ec,256,secp384r1,sha256,jws,invalid,incomplete,2026-09-01T12:00:00+00:00,0,forgery,0
2026-08-10T03:18:00+00:00,ec,256,secp256r1,sha256,raw,valid,none,2026-09-01T12:00:00+00:00,1,,0
2026-08-13T12:26:00+00:00,ec,256,secp256r1,sha256,pdf,valid,none,2026-09-01T12:00:00+00:00,1,,0
2026-08-18T10:03:00+00:00,ed25519,256,,sha256,cms,valid,trusted,2026-09-01T12:00:00+00:00,1,,0
2026-08-16T12:41:00+00:00,rsa,3072,,sha512,pdf,valid,none,2026-09-01T12:00:00+00:00,0,,0
2026-08-15T05:57:00+00:00,rsa,3072,,sha256,cms,invalid,none,2026-09-01T12:00:00+00:00,1,revocation|validity|weak_crypto|policy,1
2026-08-31T05:20:00+00:00,rsa,2048,,sha384,cms,valid,trusted,2026-09-01T12:00:00+00:00,0,,0
2026-08-30T15:47:00+00:00,ec,256,secp384r1,sha256,jws,valid,trusted,,0,,0
2026-08-14T03:03:00+00:00,rsa,4096,,sha256,cms,invalid,trusted,2026-09-01T12:00:00+00:00,1,revocation|weak_crypto|validity|forgery,1
2026-08-23T16:23:00+00:00,rsa,4096,,sha512,pdf,valid,none,2026-09-01T12:00:00+00:00,1,,0
2026-08-09T00:17:00+00:00,rsa,2048,,sha256,jws,valid,none,,0,,0
2026-08-26T17:32:00+00:00,rsa,3072,,sha256,jws,valid,none,,1,,0
2026-08-04T06:30:00+00:00,ec,256,secp256r1,sha256,jws,valid,trusted,,0,,0
2026-08-14T14:44:00+00:00,ec,256,secp256r1,sha384,raw,valid,untrusted,2026-09-01T12:00:00+00:00,1,,0
2026-08-11T04:00:00+00:00,ed25519,256,,sha256,pdf,valid,trusted,2026-09-01T12:00:00+00:00,1,,0
2026-08-31T00:13:00+00:00,ec,256,secp256r1,sha512,pdf,valid,trusted,,1,,0
2026-08-19T23:02:00+00:00,rsa,2048,,sha384,raw,invalid,trusted,,0,forgery,0
2026-08-28T14:50:00+00:00,ec,256,secp384r1,sha384,cms,valid,none,,0,,0
2026-08-16T14:45:00+00:00,ec,256,secp256r1,sha256,raw,invalid,none,2026-09-01T12:00:00+00:00,1,weak_crypto|revocation|chain|validity,1
2026-08-04T13:11:00+00:00,ed25519,256,,sha256,pdf,valid,none,,0,,0
2026-08-02T14:34:00+00:00,ec,256,secp256r1,sha256,cms,indeterminate,trusted,2026-09-01T12:00:00+00:00,1,revocation,0
2026-08-22T15:42:00+00:00,rsa,2048,,sha256,pdf,valid,trusted,,1,,0
2026-08-22T13:23:00+00:00,rsa,4096,,sha256,raw,valid,trusted,2026-09-01T12:00:00+00:00,0,,0
2026-08-27T23:37:00+00:00,rsa,4096,,sha256,pdf,valid,trusted,2026-09-01T12:00:00+00:00,0,,0
2026-08-27T04:15:00+00:00,ec,256,secp384r1,sha384,raw,valid,trusted,2026-09-01T12:00:00+00:00,1,,0
2026-08-09T09:08:00+00:00,rsa,2048,,sha256,pdf,valid,trusted,,1,,0
2026-08-20T01:35:00+00:00,ed25519,256,,sha256,cms,valid,none,2026-09-01T12:00:00+00:00,0,,0
2026-08-27T03:12:00+00:00,rsa,4096,,sha256,raw,valid,trusted,,1,,0
2026-08-06T08:02:00+00:00,ed25519,256,,sha256,jws,valid,trusted,2026-09-01T12:00:00+00:00,1,,0
2026-08-16T23:34:00+00:00,ec,256,secp256r1,sha384,cms,indeterminate,incomplete,2026-09-01T12:00:00+00:00,0,chain,0
2026-08-21T16:15:00+00:00,rsa,2048,,sha256,raw,valid,trusted,2026-09-01T12:00:00+00:00,0,,0
2026-08-13T02:36:00+00:00,ed25519,256,,sha256,cms,valid,trusted,2026-09-01T12:00:00+00:00,0,,0
2026-08-28T18:05:00+00:00,rsa,3072,,sha256,pdf,valid,trusted,2026-09-01T12:00:00+00:00,1,,0
2026-08-09T17:35:00+00:00,ed25519,256,,sha256,jws,invalid,untrusted,2026-09-01T12:00:00+00:00,1,forgery,0
2026-08-04T10:46:00+00:00,ec,256,secp256r1,sha256,raw,valid,trusted,2026-09-01T12:00:00+00:00,1,,0
2026-08-08T04:14:00+00:00,ec,256,secp384r1,sha256,raw,valid,incomplete,2026-09-01T12:00:00+00:00,1,,0
2026-08-22T11:36:00+00:00,rsa,4096,,sha512,pdf,valid,trusted,,0,,0
2026-08-21T03:18:00+00:00,ec,256,secp384r1,sha256,pdf,valid,trusted,2026-09-01T12:00:00+00:00,0,,0
2026-08-23T01:25:00+00:00,ec,256,secp256r1,sha256,raw,valid,trusted,,0,,0
2026-08-22T19:42:00+00:00,rsa,4096,,sha512,cms,valid,none,,0,,0
2026-08-11T13:17:00+00:00,ec,256,secp384r1,sha256,raw,valid,untrusted,2026-09-01T12:00:00+00:00,0,,0
2026-08-27T22:47:00+00:00,rsa,3072,,sha512,cms,valid,trusted,,0,,0
2026-08-05T02:31:00+00:00,ed25519,256,,sha256,raw,valid,incomplete,,1,,0
2026-08-25T18:15:00+00:00,ec,256,secp256r1,sha384,jws,valid,untrusted,2026-09-01T12:00:00+00:00,0,,0
2026-08-11T02:28:00+00:00,rsa,4096,,sha256,raw,valid,trusted,2026-09-01T12:00:00+00:00,1,,0
2026-08-13T06:10:00+00:00,rsa,2048,,sha512,cms,valid,trusted,,0,,0
2026-08-12T15:46:00+00:00,rsa,3072,,sha256,cms,invalid,trusted,2026-09-01T12:00:00+00:00,1,forgery,0
2026-08-02T13:39:00+00:00,rsa,2048,,sha384,jws,valid,trusted,2026-09-01T12:00:00+00:00,0,,0
2026-08-18T14:24:00+00:00,rsa,2048,,sha256,pdf,valid,trusted,2026-09-01T12:00:00+00:00,1,,0
2026-09-01T01:06:00+00:00,rsa,2048,,sha256,jws,invalid,trusted,,0,forgery|policy,1
2026-08-09T09:17:00+00:00,rsa,3072,,sha512,cms,invalid,incomplete,,1,forgery,0
2026-08-19T23:30:00+00:00,rsa,2048,,sha512,jws,valid,trusted,,1,,0
2026-08-27T06:38:00+00:00,ec,256,secp256r1,sha384,cms,valid,none,,1,,0
2026-08-06T16:58:00+00:00,rsa,3072,,sha256,raw,valid,trusted,,0,,0
2026-08-31T12:25:00+00:00,rsa,3072,,sha256,pdf,valid,trusted,2026-09-01T12:00:00+00:00,1,,0
2026-08-21T15:33:00+00:00,rsa,2048,,sha256,cms,valid,trusted,2026-09-01T12:00:00+00:00,0,,0
2026-09-01T01:10:00+00:00,rsa,2048,,sha256,raw,valid,incomplete,2026-09-01T12:00:00+00:00,0,,0
2026-08-22T18:45:00+00:00,ed25519,256,,sha256,jws,valid,trusted,,1,,0
2026-08-04T00:48:00+00:00,rsa,4096,,sha256,raw,valid,trusted,,1,,0
2026-08-07T14:28:00+00:00,rsa,2048,,sha384,raw,indeterminate,trusted,,1,chain,0
2026-08-12T06:13:00+00:00,ed25519,256,,sha256,raw,valid,trusted,2026-09-01T12:00:00+00:00,1,,0
2026-08-31T19:53:00+00:00,rsa,4096,,sha512,pdf,valid,trusted,2026-09-01T12:00:00+00:00,1,,0
2026-08-16T02:07:00+00:00,rsa,3072,,sha256,pdf,valid,incomplete,,1,,0
2026-08-25T23:30:00+00:00,ec,256,secp256r1,sha256,raw,indeterminate,trusted,2026-09-01T12:00:00+00:00,1,timestamp,0
2026-08-12T01:51:00+00:00,rsa,4096,,sha384,cms,indeterminate,none,,0,revocation,0
2026-08-10T17:58:00+00:00,rsa,2048,,sha512,raw,valid,none,2026-09-01T12:00:00+00:00,0,,0
2026-08-17T23:17:00+00:00,rsa,2048,,sha384,pdf,valid,trusted,,0,,0
2026-08-31T15:09:00+00:00,rsa,3072,,sha256,jws,valid,trusted,2026-09-01T12:00:00+00:00,1,,0
2026-08-30T23:20:00+00:00,rsa,3072,,sha256,raw,valid,incomplete,2026-09-01T12:00:00+00:00,1,,0
2026-08-10T14:00:00+00:00,ec,256,secp384r1,sha256,cms,valid,trusted,2026-09-01T12:00:00+00:00,1,,0
2026-08-19T07:16:00+00:00,ec,256,secp256r1,sha256,jws,valid,incomplete,2026-09-01T12:00:00+00:00,0,,0
2026-08-31T09:13:00+00:00,rsa,1024,secp384r1,sha1,pdf,invalid,untrusted,2026-09-01T12:00:00+00:00,1,weak_crypto|forgery,1
2026-08-29T07:37:00+00:00,ed25519,256,,sha256,raw,valid,none,2026-09-01T12:00:00+00:00,0,,0
2026-08-05T10:45:00+00:00,ec,256,secp256r1,sha256,raw,valid,trusted,,0,,0
2026-08-24T05:18:00+00:00,rsa,4096,,sha256,raw,invalid,trusted,,1,forgery|revocation|validity|policy,1
2026-08-18T02:30:00+00:00,ec,256,secp256r1,sha256,cms,valid,trusted,2026-09-01T12:00:00+00:00,1,,0
2026-08-30T08:07:00+00:00,rsa,4096,,sha512,pdf,valid,incomplete,,1,,0
2026-08-22T07:32:00+00:00,rsa,4096,,sha384,raw,valid,trusted,2026-09-01T12:00:00+00:00,0,,0
2026-08-09T15:51:00+00:00,rsa,3072,,sha384,pdf,valid,none,,0,,0
2026-08-18T18:08:00+00:00,ed25519,256,,sha256,cms,invalid,incomplete,,1,forgery,0
2026-08-17T12:36:00+00:00,rsa,3072,,sha512,raw,valid,trusted,,0,,0
2026-08-23T00:18:00+00:00,ec,256,secp384r1,sha512,jws,valid,trusted,2026-09-01T12:00:00+00:00,1,,0
2026-08-06T21:06:00+00:00,ed25519,256,,sha384,pdf,valid,untrusted,,0,,0
2026-08-05T09:03:00+00:00,ec,256,secp384r1,sha256,raw,valid,trusted,2026-09-01T12:00:00+00:00,0,,0
2026-09-01T03:18:00+00:00,rsa,3072,,sha256,raw,invalid,untrusted,2026-09-01T12:00:00+00:00,1,forgery|policy,1
2026-08-06T22:48:00+00:00,dsa,1024,secp384r1,md5,raw,valid,error,2026-09-01T12:00:00+00:00,0,weak_crypto,1
2026-08-26T10:59:00+00:00,rsa,4096,,sha256,raw,valid,none,,0,,0
2026-08-11T11:35:00+00:00,ec,256,secp256r1,sha384,cms,valid,trusted,,1,,0
2026-08-06T14:48:00+00:00,ed25519,256,,sha256,cms,valid,trusted,2026-09-01T12:00:00+00:00,1,,0
2026-08-02T21:06:00+00:00,rsa,3072,,sha384,jws,valid,trusted,2026-09-01T12:00:00+00:00,0,,0
2026-08-16T04:54:00+00:00,rsa,2048,,sha256,jws,valid,incomplete,,0,,0
2026-08-03T11:33:00+00:00,rsa,3072,,sha256,jws,valid,trusted,2026-09-01T12:00:00+00:00,1,,0
2026-08-20T23:11:00+00:00,rsa,4096,,sha256,pdf,invalid,incomplete,2026-09-01T12:00:00+00:00,0,forgery,0
2026-08-20T05:01:00+00:00,ed25519,256,,sha256,cms,valid,none,,0,,0
2026-08-31T06:56:00+00:00,ec,256,secp256r1,sha256,pdf,valid,trusted,,1,,0
2026-08-05T21:37:00+00:00,ec,256,secp256r1,sha256,cms,valid,trusted,,0,,0
2026-09-01T02:33:00+00:00,ed25519,256,,sha384,raw,invalid,trusted,2026-09-01T12:00:00+00:00,1,forgery|policy,1
2026-08-06T18:49:00+00:00,ec,256,secp384r1,sha256,jws,indeterminate,trusted,2026-09-01T12:00:00+00:00,0,,0
2026-08-31T06:22:00+00:00,ec,256,secp256r1,sha256,raw,valid,trusted,2026-09-01T12:00:00+00:00,0,,0
2026-08-04T09:40:00+00:00,rsa,4096,,sha256,pdf,valid,trusted,,1,,0
2026-08-05T14:15:00+00:00,ec,256,secp384r1,sha256,pdf,valid,none,2026-09-01T12:00:00+00:00,0,,0
2026-08-29T03:52:00+00:00,rsa,2048,,sha256,raw,valid,trusted,2026-09-01T12:00:00+00:00,0,,0
2026-08-21T11:57:00+00:00,ed25519,256,,sha256,cms,valid,trusted,2026-09-01T12:00:00+00:00,0,,0
2026-08-13T13:03:00+00:00,rsa,2048,,sha256,cms,valid,none,2026-09-01T12:00:00+00:00,0,,0
2026-08-23T12:51:00+00:00,rsa,2048,,sha256,raw,valid,trusted,2026-09-01T12:00:00+00:00,0,,0
2026-08-29T08:25:00+00:00,ec,256,secp256r1,sha256,jws,valid,trusted,2026-09-01T12:00:00+00:00,0,,0
2026-08-14T10:06:00+00:00,ed25519,256,,sha256,pdf,valid,trusted,,0,,0
2026-08-05T19:06:00+00:00,dsa,1024,,md5,pdf,invalid,error,,1,weak_crypto,1
2026-08-08T01:48:00+00:00,rsa,2048,,sha512,raw,valid,incomplete,2026-09-01T12:00:00+00:00,1,,0
2026-08-02T19:51:00+00:00,rsa,3072,,sha256,cms,valid,none,2026-09-01T12:00:00+00:00,1,,0
2026-08-10T06:24:00+00:00,ec,256,secp256r1,sha256,jws,valid,none,2026-09-01T12:00:00+00:00,0,,0
2026-08-17T07:20:00+00:00,rsa,2048,,sha256,raw,valid,trusted,2026-09-01T12:00:00+00:00,1,,0
2026-08-05T05:53:00+00:00,rsa,2048,,sha256,pdf,valid,untrusted,2026-09-01T12:00:00+00:00,1,,0
2026-08-09T02:02:00+00:00,ec,256,secp256r1,sha256,cms,valid,none,2026-09-01T12:00:00+00:00,0,,0
2026-08-07T19:10:00+00:00,rsa,4096,,sha256,jws,valid,none,,1,,0
2026-08-09T11:16:00+00:00,rsa,3072,,sha256,pdf,valid,incomplete,,1,,0
2026-08-19T03:57:00+00:00,ed25519,256,,sha256,jws,valid,trusted,2026-09-01T12:00:00+00:00,0,,0
2026-08-14T23:02:00+00:00,rsa,2048,,sha256,jws,valid,trusted,2026-09-01T12:00:00+00:00,0,,0
2026-08-26T06:03:00+00:00,ec,256,secp256r1,sha384,raw,valid,untrusted,2026-09-01T12:00:00+00:00,0,,0
2026-08-27T15:11:00+00:00,rsa,2048,,sha384,raw,indeterminate,none,,0,revocation,0
2026-08-10T22:40:00+00:00,rsa,2048,,sha256,pdf,valid,trusted,2026-09-01T12:00:00+00:00,0,,0
2026-08-17T08:56:00+00:00,ed25519,256,,sha256,pdf,valid,trusted,2026-09-01T12:00:00+00:00,1,,0
2026-08-02T15:14:00+00:00,ec,256,secp256r1,sha256,cms,invalid,none,,0,chain|forgery|policy|validity,1
2026-08-06T20:02:00+00:00,ec,256,secp384r1,sha384,pdf,valid,trusted,,0,,0
2026-08-11T09:09:00+00:00,rsa,2048,,sha384,pdf,valid,none,2026-09-01T12:00:00+00:00,1,,0
2026-08-24T13:26:00+00:00,ec,256,secp256r1,sha384,raw,valid,trusted,,0,,0
2026-08-15T15:01:00+00:00,rsa,4096,,sha256,raw,valid,trusted,2026-09-01T12:00:00+00:00,0,,0
2026-08-21T22:34:00+00:00,rsa,3072,,sha384,jws,valid,trusted,2026-09-01T12:00:00+00:00,1,,0
2026-08-18T11:31:00+00:00,ed25519,256,,sha384,pdf,valid,untrusted,2026-09-01T12:00:00+00:00,1,,0
2026-08-22T20:28:00+00:00,rsa,4096,,sha256,raw,indeterminate,none,2026-09-01T12:00:00+00:00,0,timestamp,0
2026-08-24T02:03:00+00:00,rsa,3072,,sha256,jws,valid,incomplete,,1,,0
2026-08-12T22:19:00+00:00,rsa,4096,,sha256,pdf,valid,untrusted,2026-09-01T12:00:00+00:00,0,,0
2026-08-15T06:39:00+00:00,ec,256,secp256r1,sha384,pdf,valid,trusted,2026-09-01T12:00:00+00:00,0,,0
2026-08-12T12:24:00+00:00,ec,256,secp256r1,sha256,raw,indeterminate,trusted,2026-09-01T12:00:00+00:00,0,chain,0
2026-08-17T12:07:00+00:00,ec,256,secp384r1,sha384,pdf,invalid,incomplete,,0,forgery,0
2026-08-13T17:49:00+00:00,rsa,3072,,sha384,pdf,valid,trusted,2026-09-01T12:00:00+00:00,1,,0
2026-08-28T19:20:00+00:00,ed25519,256,,sha384,jws,indeterminate,untrusted,2026-09-01T12:00:00+00:00,0,,0
2026-08-26T22:54:00+00:00,rsa,3072,,sha256,cms,valid,trusted,,0,,0
2026-08-10T23:09:00+00:00,ec,256,secp384r1,sha256,raw,valid,trusted,2026-09-01T12:00:00+00:00,0,,0
2026-08-22T07:18:00+00:00,ec,256,secp384r1,sha256,pdf,invalid,trusted,,0,forgery,0
2026-08-19T08:00:00+00:00,rsa,2048,,sha384,pdf,valid,trusted,,1,,0
2026-08-20T17:05:00+00:00,ec,256,secp384r1,sha384,raw,valid,trusted,,0,,0
2026-08-21T01:26:00+00:00,rsa,1024,,sha1,cms,invalid,trusted,,0,weak_crypto|forgery,1
2026-08-14T04:07:00+00:00,rsa,4096,,sha512,raw,indeterminate,trusted,2026-09-01T12:00:00+00:00,0,timestamp,0
2026-08-19T20:03:00+00:00,rsa,3072,,sha512,pdf,valid,trusted,,1,,0
2026-08-28T16:12:00+00:00,rsa,4096,,sha256,pdf,invalid,untrusted,2026-09-01T12:00:00+00:00,0,forgery,0
2026-08-05T02:47:00+00:00,ec,256,secp256r1,sha256,raw,valid,none,2026-09-01T12:00:00+00:00,0,,0
2026-08-27T23:50:00+00:00,ec,256,secp256r1,sha384,cms,valid,trusted,2026-09-01T12:00:00+00:00,1,,0
2026-08-05T20:07:00+00:00,ed25519,256,,sha384,pdf,valid,trusted,,1,,0
2026-08-05T20:19:00+00:00,rsa,3072,,sha256,raw,valid,trusted,,0,,0
2026-08-22T22:01:00+00:00,rsa,3072,,sha256,raw,valid,trusted,,1,,0
2026-08-28T07:23:00+00:00,rsa,2048,,sha256,jws,invalid,trusted,2026-09-01T12:00:00+00:00,1,forgery,0
2026-08-06T09:32:00+00:00,rsa,4096,,sha256,raw,valid,trusted,,1,,0
2026-08-12T13:09:00+00:00,ec,256,secp384r1,sha256,raw,valid,trusted,2026-09-01T12:00:00+00:00,0,,0
2026-08-11T07:07:00+00:00,rsa,2048,,sha256,raw,valid,none,2026-09-01T12:00:00+00:00,1,,0
2026-09-01T04:34:00+00:00,ed25519,256,,sha512,cms,invalid,none,2026-09-01T12:00:00+00:00,1,forgery|policy,1
2026-08-19T06:37:00+00:00,ec,256,secp256r1,sha256,jws,valid,none,,0,,0
2026-08-16T22:47:00+00:00,rsa,2048,,sha256,pdf,valid,trusted,2026-09-01T12:00:00+00:00,1,,0
2026-08-03T14:12:00+00:00,ec,256,secp384r1,sha256,raw,valid,incomplete,,1,,0
2026-08-21T20:17:00+00:00,rsa,1024,,sha1,pdf,invalid,trusted,,1,weak_crypto|forgery,1
2026-08-17T00:31:00+00:00,ed25519,256,,sha256,cms,valid,untrusted,2026-09-01T12:00:00+00:00,1,,0
2026-08-15T07:56:00+00:00,ed25519,256,,sha256,pdf,invalid,trusted,,0,forgery,0
2026-08-22T23:23:00+00:00,ec,256,secp384r1,sha256,raw,valid,none,,1,,0
2026-08-12T07:28:00+00:00,rsa,2048,,sha256,raw,indeterminate,trusted,2026-09-01T12:00:00+00:00,0,timestamp,0
2026-08-11T06:33:00+00:00,rsa,4096,,sha256,raw,valid,trusted,2026-09-01T12:00:00+00:00,0,,0
2026-08-29T16:55:00+00:00,rsa,3072,,sha256,raw,valid,trusted,2026-09-01T12:00:00+00:00,1,,0
2026-08-24T23:10:00+00:00,ec,256,secp256r1,sha256,raw,valid,trusted,2026-09-01T12:00:00+00:00,1,,0
2026-08-21T19:10:00+00:00,rsa,1024,,sha1,raw,invalid,trusted,2026-09-01T12:00:00+00:00,1,weak_crypto|forgery,1
2026-08-19T04:01:00+00:00,rsa,4096,,sha256,raw,valid,trusted,,0,,0
2026-08-05T12:04:00+00:00,rsa,1024,,sha1,pdf,invalid,trusted,2026-09-01T12:00:00+00:00,0,weak_crypto|forgery,1
2026-08-28T00:10:00+00:00,ec,256,secp384r1,sha256,cms,valid,none,2026-09-01T12:00:00+00:00,0,,0
2026-08-27T01:45:00+00:00,rsa,4096,,sha256,raw,invalid,trusted,,0,forgery,0
2026-08-20T22:31:00+00:00,rsa,4096,,sha256,pdf,valid,none,2026-09-01T12:00:00+00:00,0,,0
2026-08-19T03:52:00+00:00,ec,256,secp256r1,sha256,jws,valid,none,2026-09-01T12:00:00+00:00,0,,0
2026-08-12T12:20:00+00:00,ed25519,256,,sha256,pdf,valid,none,2026-09-01T12:00:00+00:00,1,,0
2026-08-03T09:51:00+00:00,ed25519,256,,sha256,raw,valid,trusted,,1,,0
2026-08-04T06:48:00+00:00,ec,256,secp384r1,sha512,jws,valid,trusted,2026-09-01T12:00:00+00:00,1,,0
2026-08-20T21:59:00+00:00,rsa,3072,,sha384,raw,valid,trusted,,1,,0
2026-08-31T13:14:00+00:00,ec,256,secp384r1,sha256,raw,valid,trusted,,1,,0
2026-08-13T09:09:00+00:00,ed25519,256,,sha256,pdf,valid,trusted,2026-09-01T12:00:00+00:00,0,,0
2026-08-23T09:41:00+00:00,rsa,4096,,sha256,pdf,valid,none,,0,,0
2026-08-08T17:26:00+00:00,ec,256,secp256r1,sha256,raw,invalid,trusted,2026-09-01T12:00:00+00:00,1,forgery,0
2026-08-20T21:24:00+00:00,rsa,3072,,sha256,cms,valid,none,2026-09-01T12:00:00+00:00,0,,0
2026-08-27T03:31:00+00:00,ed25519,256,,sha384,jws,valid,trusted,2026-09-01T12:00:00+00:00,1,,0
2026-08-27T14:16:00+00:00,rsa,2048,,sha384,raw,valid,trusted,,1,,0
2026-08-16T16:20:00+00:00,rsa,3072,,sha256,pdf,valid,trusted,,0,,0
2026-08-19T22:25:00+00:00,ec,256,secp256r1,sha256,pdf,valid,trusted,2026-09-01T12:00:00+00:00,1,,0
2026-08-26T20:05:00+00:00,rsa,2048,,sha256,cms,valid,incomplete,2026-09-01T12:00:00+00:00,1,,0
2026-08-15T05:43:00+00:00,ec,256,secp384r1,sha256,pdf,valid,trusted,2026-09-01T12:00:00+00:00,0,,0
2026-08-29T20:03:00+00:00,ec,256,secp256r1,sha256,raw,valid,trusted,2026-09-01T12:00:00+00:00,1,,0
2026-08-23T00:02:00+00:00,ed25519,256,,sha256,raw,valid,trusted,2026-09-01T12:00:00+00:00,0,,0
2026-08-09T00:28:00+00:00,rsa,2048,,sha256,jws,invalid,trusted,2026-09-01T12:00:00+00:00,0,forgery,0
2026-08-30T15:50:00+00:00,rsa,4096,,sha256,jws,valid,none,2026-09-01T12:00:00+00:00,1,,0
2026-08-04T09:12:00+00:00,rsa,2048,,sha512,raw,valid,trusted,,0,,0
2026-08-28T17:56:00+00:00,rsa,2048,,sha256,pdf,valid,none,2026-09-01T12:00:00+00:00,0,,0
2026-08-18T03:40:00+00:00,rsa,3072,,sha256,jws,valid,trusted,2026-09-01T12:00:00+00:00,1,,0
2026-08-28T08:49:00+00:00,ec,256,secp256r1,sha384,raw,invalid,trusted,,1,forgery,0
2026-08-09T21:57:00+00:00,ec,256,secp256r1,sha256,raw,valid,trusted,,0,,0
2026-08-22T16:34:00+00:00,ec,256,secp384r1,sha512,jws,invalid,trusted,2026-09-01T12:00:00+00:00,1,revocation|weak_crypto|policy|forgery,1
2026-08-02T18:32:00+00:00,ec,256,secp256r1,sha256,raw,valid,incomplete,,1,,0
2026-08-25T08:12:00+00:00,ed25519,256,,sha256,pdf,invalid,trusted,,0,forgery,0
2026-08-04T18:35:00+00:00,ed25519,256,,sha256,jws,valid,trusted,2026-09-01T12:00:00+00:00,0,,0
2026-08-13T08:45:00+00:00,rsa,3072,,sha256,cms,indeterminate,untrusted,2026-09-01T12:00:00+00:00,0,timestamp,0
2026-08-07T12:49:00+00:00,ec,256,secp256r1,sha256,jws,valid,trusted,2026-09-01T12:00:00+00:00,0,,0
2026-09-01T01:02:00+00:00,ec,256,secp256r1,sha384,jws,valid,trusted,,1,,0
2026-08-05T21:58:00+00:00,rsa,2048,,sha256,raw,indeterminate,incomplete,2026-09-01T12:00:00+00:00,0,,0
2026-08-10T19:33:00+00:00,ec,256,secp256r1,sha384,raw,valid,trusted,2026-09-01T12:00:00+00:00,1,,0
2026-08-16T03:11:00+00:00,ec,256,secp384r1,sha256,jws,valid,none,,1,,0
2026-08-02T17:58:00+00:00,ed25519,256,,sha256,pdf,valid,trusted,2026-09-01T12:00:00+00:00,0,,0
2026-08-21T17:10:00+00:00,rsa,4096,,sha512,pdf,valid,trusted,,1,,0
2026-08-23T10:02:00+00:00,rsa,2048,,sha256,raw,valid,trusted,,1,,0
2026-08-17T19:42:00+00:00,rsa,2048,,sha384,raw,valid,trusted,2026-09-01T12:00:00+00:00,0,,0
2026-08-16T12:12:00+00:00,rsa,2048,,sha256,raw,valid,none,2026-09-01T12:00:00+00:00,0,,0
2026-08-25T13:54:00+00:00,ec,256,secp256r1,sha256,raw,valid,untrusted,,0,,0
2026-08-29T22:53:00+00:00,rsa,4096,,sha256,raw,invalid,trusted,,0,forgery,0
2026-08-11T00:52:00+00:00,rsa,4096,,sha512,pdf,valid,none,2026-09-01T12:00:00+00:00,1,,0
2026-08-05T21:48:00+00:00,ed25519,256,,sha512,pdf,invalid,trusted,2026-09-01T12:00:00+00:00,0,forgery,0
2026-08-28T03:52:00+00:00,ec,256,secp384r1,sha384,jws,valid,trusted,,0,,0
2026-08-06T05:25:00+00:00,ec,256,secp384r1,sha256,jws,valid,none,2026-09-01T12:00:00+00:00,0,,0
2026-08-18T16:32:00+00:00,rsa,3072,,sha512,jws,valid,none,,0,,0
2026-08-02T19:58:00+00:00,ec,256,secp384r1,sha256,pdf,valid,incomplete,2026-09-01T12:00:00+00:00,0,,0
2026-08-28T14:18:00+00:00,rsa,3072,,sha256,raw,valid,trusted,,0,,0
2026-08-30T12:01:00+00:00,rsa,4096,,sha256,raw,valid,trusted,2026-09-01T12:00:00+00:00,1,,0
2026-08-20T01:30:00+00:00,rsa,4096,,sha384,raw,valid,none,2026-09-01T12:00:00+00:00,1,,0
2026-08-11T09:20:00+00:00,ec,256,secp384r1,sha384,raw,valid,trusted,2026-09-01T12:00:00+00:00,0,,0
2026-08-04T16:29:00+00:00,rsa,1024,,sha1,pdf,invalid,incomplete,,1,weak_crypto|forgery,1
2026-08-27T23:37:00+00:00,ec,256,secp256r1,sha256,raw,invalid,trusted,,1,forgery,0
2026-08-30T15:54:00+00:00,ec,256,secp384r1,sha256,raw,valid,trusted,,0,,0
2026-08-25T04:24:00+00:00,rsa,4096,,sha384,jws,valid,trusted,,0,,0
2026-08-30T07:57:00+00:00,ed25519,256,,sha256,cms,valid,trusted,,1,,0
2026-08-04T20:35:00+00:00,rsa,4096,,sha256,cms,valid,trusted,2026-09-01T12:00:00+00:00,1,,0
2026-08-19T05:16:00+00:00,ec,256,secp384r1,sha256,jws,valid,none,,1,,0
2026-08-22T09:24:00+00:00,ed25519,256,,sha256,raw,valid,trusted,,1,,0
2026-08-05T10:55:00+00:00,ec,256,secp256r1,sha256,raw,valid,trusted,,0,,0
2026-08-25T02:16:00+00:00,ed25519,256,,sha256,raw,valid,trusted,2026-09-01T12:00:00+00:00,0,,0
2026-08-24T04:52:00+00:00,ed25519,256,,sha256,pdf,valid,none,2026-09-01T12:00:00+00:00,0,,0
2026-08-04T23:14:00+00:00,rsa,4096,,sha256,raw,valid,trusted,2026-09-01T12:00:00+00:00,1,,0
2026-08-26T00:49:00+00:00,rsa,4096,,sha256,raw,valid,trusted,2026-09-01T12:00:00+00:00,1,,0
2026-08-25T04:52:00+00:00,ec,256,secp384r1,sha256,pdf,valid,none,2026-09-01T12:00:00+00:00,1,,0
2026-08-25T17:16:00+00:00,rsa,3072,,sha256,pdf,valid,trusted,,1,,0
2026-08-08T09:24:00+00:00,ec,256,secp384r1,sha256,cms,valid,trusted,,1,,0
2026-08-09T13:55:00+00:00,rsa,2048,,sha256,raw,valid,trusted,,0,,0
2026-08-26T03:21:00+00:00,rsa,2048,,sha256,raw,valid,incomplete,2026-09-01T12:00:00+00:00,0,,0
2026-08-23T10:55:00+00:00,ed25519,256,,sha256,cms,valid,trusted,,1,,0
2026-08-18T14:54:00+00:00,ed25519,256,,sha384,jws,invalid,trusted,2026-09-01T12:00:00+00:00,1,forgery,0
2026-08-04T12:50:00+00:00,ec,256,secp256r1,sha384,pdf,invalid,trusted,,0,forgery,0
2026-08-15T18:44:00+00:00,ec,256,secp384r1,sha256,jws,valid,trusted,,1,,0
2026-08-04T21:38:00+00:00,ec,256,secp256r1,sha256,raw,valid,untrusted,,0,,0
2026-08-12T04:29:00+00:00,ed25519,256,,sha256,pdf,valid,none,2026-09-01T12:00:00+00:00,0,,0
2026-08-05T21:02:00+00:00,rsa,2048,,sha256,pdf,valid,untrusted,2026-09-01T12:00:00+00:00,1,,0
2026-08-29T23:14:00+00:00,rsa,4096,,sha256,raw,valid,incomplete,2026-09-01T12:00:00+00:00,1,,0
2026-08-17T07:39:00+00:00,ec,256,secp256r1,sha512,raw,invalid,trusted,2026-09-01T12:00:00+00:00,0,forgery,0
2026-08-06T12:39:00+00:00,rsa,3072,,sha256,pdf,valid,trusted,,1,,0
2026-08-14T09:10:00+00:00,dsa,1024,,md5,jws,valid,error,2026-09-01T12:00:00+00:00,1,weak_crypto,1
2026-08-21T15:49:00+00:00,rsa,2048,,sha256,pdf,indeterminate,none,2026-09-01T12:00:00+00:00,0,timestamp,0
2026-08-21T23:38:00+00:00,ec,256,secp256r1,sha384,raw,valid,none,2026-09-01T12:00:00+00:00,1,,0
2026-08-06T03:49:00+00:00,rsa,3072,,sha256,jws,valid,trusted,2026-09-01T12:00:00+00:00,0,,0
2026-08-14T15:59:00+00:00,ec,256,secp256r1,sha256,pdf,valid,trusted,2026-09-01T12:00:00+00:00,0,,0
2026-08-21T06:54:00+00:00,rsa,3072,,sha384,raw,valid,trusted,2026-09-01T12:00:00+00:00,0,,0
2026-08-19T13:25:00+00:00,ed25519,256,,sha256,jws,valid,trusted,,0,,0
2026-08-31T08:51:00+00:00,ec,256,secp256r1,sha256,jws,invalid,trusted,,1,forgery,0
2026-08-24T19:43:00+00:00,ec,256,secp256r1,sha384,cms,valid,trusted,2026-09-01T12:00:00+00:00,0,,0
2026-08-20T23:37:00+00:00,rsa,3072,,sha384,pdf,invalid,trusted,2026-09-01T12:00:00+00:00,0,forgery,0
2026-08-16T04:02:00+00:00,rsa,4096,,sha384,jws,valid,trusted,2026-09-01T12:00:00+00:00,1,,0
2026-08-21T18:34:00+00:00,ec,256,secp256r1,sha384,pdf,invalid,trusted,,0,forgery,0
2026-08-10T15:18:00+00:00,rsa,3072,,sha256,pdf,valid,trusted,2026-09-01T12:00:00+00:00,0,,0
2026-08-21T16:43:00+00:00,rsa,4096,,sha512,raw,valid,none,,0,,0
2026-08-08T00:36:00+00:00,ec,256,secp384r1,sha256,raw,indeterminate,trusted,2026-09-01T12:00:00+00:00,0,,0
2026-08-03T10:46:00+00:00,ec,256,secp256r1,sha256,pdf,valid,trusted,,1,,0
2026-08-03T16:46:00+00:00,ec,256,secp384r1,sha256,raw,valid,incomplete,2026-09-01T12:00:00+00:00,0,,0
2026-08-10T22:41:00+00:00,ec,256,secp256r1,sha256,jws,valid,trusted,,0,,0
2026-08-08T08:11:00+00:00,rsa,4096,,sha256,pdf,valid,trusted,,0,,0
2026-08-26T03:17:00+00:00,rsa,3072,,sha256,jws,indeterminate,untrusted,2026-09-01T12:00:00+00:00,1,chain,0
2026-08-07T05:51:00+00:00,rsa,3072,,sha512,raw,valid,trusted,2026-09-01T12:00:00+00:00,1,,0
2026-08-06T22:19:00+00:00,rsa,2048,,sha384,raw,invalid,trusted,2026-09-01T12:00:00+00:00,1,forgery,0
2026-08-17T19:51:00+00:00,ec,256,secp256r1,sha256,pdf,valid,trusted,2026-09-01T12:00:00+00:00,0,,0
2026-08-21T02:00:00+00:00,ec,256,secp384r1,sha256,pdf,valid,trusted,2026-09-01T12:00:00+00:00,0,,0
2026-08-06T23:15:00+00:00,ed25519,256,,sha512,jws,valid,trusted,2026-09-01T12:00:00+00:00,0,,0
2026-08-27T02:44:00+00:00,ec,256,secp384r1,sha256,raw,valid,incomplete,,1,,0
2026-08-09T12:34:00+00:00,rsa,2048,,sha256,pdf,valid,trusted,,1,,0
2026-08-02T18:53:00+00:00,ec,256,secp384r1,sha256,cms,invalid,none,2026-09-01T12:00:00+00:00,1,forgery,0
2026-08-07T05:21:00+00:00,dsa,1024,,md5,raw,valid,error,2026-09-01T12:00:00+00:00,1,weak_crypto,1
2026-08-25T02:49:00+00:00,rsa,3072,,sha256,raw,valid,trusted,2026-09-01T12:00:00+00:00,0,,0
2026-08-24T00:39:00+00:00,ec,256,secp384r1,sha256,raw,indeterminate,untrusted,,0,chain,0
2026-08-04T03:05:00+00:00,ec,256,secp384r1,sha256,pdf,valid,incomplete,2026-09-01T12:00:00+00:00,1,,0
2026-08-27T11:21:00+00:00,ec,256,secp384r1,sha384,raw,indeterminate,none,2026-09-01T12:00:00+00:00,1,timestamp,0
2026-08-10T04:56:00+00:00,rsa,3072,,sha256,raw,valid,none,,0,,0
2026-08-04T06:45:00+00:00,rsa,3072,,sha256,raw,invalid,trusted,,0,forgery,0
2026-08-26T23:07:00+00:00,rsa,3072,,sha256,raw,valid,trusted,,0,,0
2026-08-28T15:07:00+00:00,ec,256,secp256r1,sha512,raw,valid,trusted,,0,,0
2026-08-20T21:25:00+00:00,rsa,3072,,sha384,raw,valid,trusted,,1,,0
2026-08-23T07:49:00+00:00,rsa,4096,,sha256,jws,valid,none,,1,,0
2026-08-18T00:00:00+00:00,ec,256,secp256r1,sha256,jws,valid,incomplete,2026-09-01T12:00:00+00:00,1,,0
2026-08-08T19:52:00+00:00,rsa,3072,,sha256,cms,valid,none,2026-09-01T12:00:00+00:00,1,,0
2026-08-17T21:54:00+00:00,rsa,2048,,sha256,jws,indeterminate,incomplete,2026-09-01T12:00:00+00:00,0,timestamp,0
2026-08-16T02:36:00+00:00,rsa,4096,,sha512,raw,valid,trusted,2026-09-01T12:00:00+00:00,1,,0
2026-09-01T06:30:00+00:00,ec,256,secp256r1,sha256,pdf,valid,trusted,,1,,0
2026-08-07T13:47:00+00:00,rsa,3072,,sha384,raw,valid,trusted,,1,,0
2026-08-22T22:54:00+00:00,ec,256,secp384r1,sha384,jws,valid,trusted,,1,,0
2026-08-14T04:29:00+00:00,rsa,4096,,sha384,raw,valid,trusted,2026-09-01T12:00:00+00:00,1,,0
2026-08-19T19:59:00+00:00,rsa,4096,,sha256,jws,invalid,trusted,2026-09-01T12:00:00+00:00,0,forgery,0
2026-08-29T22:58:00+00:00,rsa,3072,,sha256,pdf,valid,none,,0,,0
2026-09-01T08:12:00+00:00,ed25519,256,,sha256,jws,indeterminate,untrusted,,1,,0
2026-08-10T19:25:00+00:00,ec,256,secp256r1,sha256,pdf,valid,trusted,2026-09-01T12:00:00+00:00,1,,0
2026-08-07T08:04:00+00:00,ec,256,secp384r1,sha256,jws,valid,trusted,2026-09-01T12:00:00+00:00,0,,0
2026-08-18T20:45:00+00:00,ed25519,256,,sha256,pdf,valid,trusted,2026-09-01T12:00:00+00:00,0,,0
2026-08-15T14:23:00+00:00,rsa,2048,,sha256,raw,invalid,trusted,,0,forgery,0
2026-08-21T02:37:00+00:00,ec,256,secp384r1,sha256,pdf,indeterminate,trusted,2026-09-01T12:00:00+00:00,1,chain,0
2026-08-03T23:49:00+00:00,rsa,3072,,sha256,jws,valid,untrusted,2026-09-01T12:00:00+00:00,1,,0
2026-08-03T22:36:00+00:00,ec,256,secp256r1,sha256,cms,valid,trusted,2026-09-01T12:00:00+00:00,1,,0
2026-08-18T11:59:00+00:00,ec,256,secp256r1,sha256,cms,valid,incomplete,,1,,0
2026-08-14T10:40:00+00:00,dsa,1024,,md5,jws,valid,error,,1,weak_crypto,1
2026-08-25T11:08:00+00:00,rsa,3072,,sha256,jws,valid,none,,1,,0
2026-08-07T08:00:00+00:00,rsa,2048,,sha256,raw,indeterminate,trusted,,0,chain,0
2026-08-08T18:34:00+00:00,ec,256,secp384r1,sha256,jws,indeterminate,incomplete,2026-09-01T12:00:00+00:00,1,revocation,0
2026-08-11T15:33:00+00:00,ec,256,secp384r1,sha256,raw,valid,trusted,2026-09-01T12:00:00+00:00,1,,0
2026-08-11T20:28:00+00:00,ec,256,secp256r1,sha256,pdf,valid,untrusted,,0,,0
2026-08-26T22:55:00+00:00,rsa,4096,,sha256,jws,indeterminate,trusted,,1,timestamp,0
2026-08-16T08:37:00+00:00,rsa,3072,,sha256,raw,valid,none,2026-09-01T12:00:00+00:00,0,,0
2026-08-14T18:51:00+00:00,ed25519,256,,sha256,cms,valid,trusted,2026-09-01T12:00:00+00:00,0,,0
2026-08-09T18:49:00+00:00,ec,256,secp384r1,sha256,pdf,valid,trusted,,0,,0
2026-08-27T05:25:00+00:00,ec,256,secp256r1,sha256,raw,valid,none,2026-09-01T12:00:00+00:00,0,,0
2026-08-30T22:49:00+00:00,rsa,2048,,sha256,pdf,valid,trusted,2026-09-01T12:00:00+00:00,1,,0
2026-08-09T04:25:00+00:00,ed25519,256,,sha256,raw,valid,trusted,2026-09-01T12:00:00+00:00,0,,0
2026-08-08T16:52:00+00:00,rsa,3072,,sha256,pdf,invalid,trusted,2026-09-01T12:00:00+00:00,0,forgery,0
2026-08-22T09:15:00+00:00,ed25519,256,,sha256,raw,valid,incomplete,,0,,0
2026-08-19T18:51:00+00:00,ec,256,secp384r1,sha256,jws,valid,none,,0,,0
2026-08-13T11:03:00+00:00,rsa,3072,,sha384,pdf,indeterminate,trusted,,0,,0
2026-08-31T13:27:00+00:00,rsa,4096,,sha512,raw,invalid,trusted,,0,policy|weak_crypto|revocation|validity,1
2026-08-15T06:26:00+00:00,ec,256,secp384r1,sha256,jws,valid,incomplete,2026-09-01T12:00:00+00:00,1,,0
2026-08-18T13:39:00+00:00,ed25519,256,,sha384,pdf,valid,trusted,,1,,0
2026-08-18T17:53:00+00:00,ed25519,256,,sha384,jws,valid,trusted,2026-09-01T12:00:00+00:00,0,,0
2026-08-21T04:04:00+00:00,rsa,2048,,sha256,cms,valid,trusted,2026-09-01T12:00:00+00:00,0,,0
2026-08-15T00:59:00+00:00,ec,256,secp384r1,sha384,pdf,valid,trusted,2026-09-01T12:00:00+00:00,0,,0
2026-08-24T07:37:00+00:00,ed25519,256,,sha256,jws,valid,trusted,2026-09-01T12:00:00+00:00,1,,0
2026-08-21T11:55:00+00:00,ed25519,256,,sha256,raw,valid,trusted,2026-09-01T12:00:00+00:00,1,,0
2026-08-31T18:19:00+00:00,ec,256,secp256r1,sha256,raw,valid,trusted,2026-09-01T12:00:00+00:00,0,,0
2026-08-25T13:38:00+00:00,ed25519,256,,sha384,raw,valid,trusted,,0,,0
2026-08-26T04:59:00+00:00,ec,256,secp384r1,sha384,jws,invalid,trusted,,0,forgery,0
2026-08-02T12:29:00+00:00,ec,256,secp256r1,sha256,jws,valid,none,,0,,0
2026-08-20T19:31:00+00:00,ec,256,secp384r1,sha256,jws,valid,trusted,2026-09-01T12:00:00+00:00,1,,0
2026-08-07T14:54:00+00:00,rsa,2048,,sha256,pdf,valid,incomplete,2026-09-01T12:00:00+00:00,0,,0
2026-08-10T17:28:00+00:00,rsa,4096,,sha256,raw,valid,trusted,,0,,0
2026-08-18T12:38:00+00:00,ec,256,secp256r1,sha256,jws,valid,trusted,,0,,0
2026-08-14T03:56:00+00:00,ed25519,256,,sha384,raw,indeterminate,incomplete,2026-09-01T12:00:00+00:00,1,timestamp,0
2026-08-13T07:00:00+00:00,ec,256,secp256r1,sha512,raw,valid,trusted,2026-09-01T12:00:00+00:00,1,,0
2026-08-10T08:52:00+00:00,rsa,2048,,sha256,raw,valid,trusted,2026-09-01T12:00:00+00:00,0,,0
2026-09-01T03:45:00+00:00,ed25519,256,,sha256,pdf,invalid,trusted,2026-09-01T12:00:00+00:00,0,forgery|policy,1
2026-08-24T18:36:00+00:00,ec,256,secp384r1,sha256,cms,valid,trusted,2026-09-01T12:00:00+00:00,0,,0
2026-08-24T10:19:00+00:00,ec,256,secp256r1,sha256,cms,indeterminate,trusted,2026-09-01T12:00:00+00:00,1,,0
2026-08-27T08:15:00+00:00,ec,256,secp256r1,sha256,pdf,valid,trusted,,0,,0
2026-08-12T01:29:00+00:00,ec,256,secp384r1,sha256,raw,valid,none,,0,,0
2026-08-11T05:30:00+00:00,ec,256,secp384r1,sha512,pdf,valid,trusted,2026-09-01T12:00:00+00:00,1,,0
2026-08-04T03:22:00+00:00,ec,256,secp256r1,sha256,raw,valid,trusted,2026-09-01T12:00:00+00:00,1,,0
2026-08-06T14:46:00+00:00,ec,256,secp256r1,sha512,raw,indeterminate,trusted,2026-09-01T12:00:00+00:00,1,,0
2026-08-18T15:15:00+00:00,rsa,3072,,sha256,raw,invalid,trusted,,0,forgery,0
2026-08-28T00:59:00+00:00,rsa,4096,,sha384,raw,valid,trusted,2026-09-01T12:00:00+00:00,0,,0
2026-08-03T03:55:00+00:00,rsa,3072,,sha256,pdf,valid,trusted,2026-09-01T12:00:00+00:00,0,,0
2026-08-03T22:55:00+00:00,ec,256,secp256r1,sha256,jws,valid,trusted,,0,,0
2026-08-31T04:23:00+00:00,ed25519,256,,sha256,raw,invalid,none,2026-09-01T12:00:00+00:00,1,forgery,0
2026-08-30T22:02:00+00:00,ec,256,secp384r1,sha512,raw,valid,none,2026-09-01T12:00:00+00:00,0,,0
2026-08-20T14:30:00+00:00,ed25519,256,,sha256,cms,valid,untrusted,,0,,0
2026-08-05T04:39:00+00:00,rsa,4096,,sha384,pdf,indeterminate,trusted,2026-09-01T12:00:00+00:00,1,revocation,0
2026-08-23T05:46:00+00:00,rsa,3072,,sha256,cms,valid,none,2026-09-01T12:00:00+00:00,0,,0
2026-08-16T03:08:00+00:00,rsa,3072,,sha256,raw,valid,trusted,2026-09-01T12:00:00+00:00,1,,0
2026-08-26T18:45:00+00:00,rsa,3072,,sha256,jws,valid,none,2026-09-01T12:00:00+00:00,0,,0
2026-08-13T15:29:00+00:00,ec,256,secp256r1,sha256,pdf,valid,trusted,2026-09-01T12:00:00+00:00,0,,0
2026-08-05T10:38:00+00:00,rsa,4096,,sha256,pdf,valid,none,2026-09-01T12:00:00+00:00,0,,0
2026-08-17T02:25:00+00:00,ed25519,256,,sha256,raw,indeterminate,none,,0,timestamp,0
2026-08-28T08:02:00+00:00,ec,256,secp256r1,sha256,pdf,valid,trusted,,0,,0
2026-08-19T10:17:00+00:00,rsa,2048,,sha256,raw,indeterminate,none,2026-09-01T12:00:00+00:00,0,,0
2026-08-31T02:51:00+00:00,ec,256,secp384r1,sha256,raw,indeterminate,none,2026-09-01T12:00:00+00:00,1,chain,0
2026-08-13T02:36:00+00:00,ec,256,secp384r1,sha256,raw,valid,incomplete,,1,,0
2026-08-13T09:05:00+00:00,rsa,2048,,sha256,pdf,valid,trusted,2026-09-01T12:00:00+00:00,1,,0
2026-08-05T20:22:00+00:00,ed25519,256,,sha256,raw,indeterminate,trusted,2026-09-01T12:00:00+00:00,1,revocation,0
2026-08-29T21:15:00+00:00,rsa,4096,,sha256,jws,valid,trusted,2026-09-01T12:00:00+00:00,1,,0
2026-08-13T19:54:00+00:00,rsa,2048,,sha256,raw,valid,trusted,2026-09-01T12:00:00+00:00,0,,0
2026-09-01T01:00:00+00:00,ec,256,secp256r1,sha256,jws,invalid,trusted,2026-09-01T12:00:00+00:00,1,forgery|policy,1
2026-08-08T04:46:00+00:00,ec,256,secp256r1,sha384,pdf,indeterminate,none,2026-09-01T12:00:00+00:00,1,,0
2026-08-03T08:54:00+00:00,rsa,3072,,sha384,raw,indeterminate,trusted,2026-09-01T12:00:00+00:00,1,revocation,0
2026-08-20T04:01:00+00:00,ec,256,secp384r1,sha512,pdf,valid,trusted,,1,,0
2026-08-30T05:12:00+00:00,ed25519,256,,sha384,raw,valid,trusted,2026-09-01T12:00:00+00:00,1,,0
2026-08-26T20:20:00+00:00,rsa,4096,,sha256,jws,valid,none,2026-09-01T12:00:00+00:00,1,,0
2026-08-28T03:53:00+00:00,ec,256,secp384r1,sha256,raw,indeterminate,trusted,2026-09-01T12:00:00+00:00,1,revocation,0
2026-08-23T15:57:00+00:00,rsa,1024,,sha1,raw,invalid,incomplete,2026-09-01T12:00:00+00:00,1,weak_crypto|forgery,1
2026-08-28T14:00:00+00:00,ed25519,256,,sha256,raw,indeterminate,trusted,,0,,0
2026-08-31T05:47:00+00:00,ec,256,secp256r1,sha512,raw,invalid,untrusted,2026-09-01T12:00:00+00:00,1,forgery,0
2026-08-03T04:26:00+00:00,rsa,2048,,sha384,raw,valid,none,,1,,0
2026-08-18T05:09:00+00:00,ed25519,256,,sha256,raw,invalid,trusted,2026-09-01T12:00:00+00:00,0,forgery,0
2026-08-20T09:34:00+00:00,ed25519,256,,sha256,raw,valid,trusted,,1,,0
2026-08-13T07:19:00+00:00,ec,256,secp256r1,sha384,cms,valid,trusted,2026-09-01T12:00:00+00:00,1,,0
2026-08-16T13:03:00+00:00,rsa,3072,,sha384,raw,valid,trusted,2026-09-01T12:00:00+00:00,0,,0
2026-08-16T08:33:00+00:00,ed25519,256,,sha256,pdf,invalid,none,2026-09-01T12:00:00+00:00,1,forgery,0
2026-08-25T13:02:00+00:00,rsa,3072,,sha256,pdf,valid,none,2026-09-01T12:00:00+00:00,0,,0
2026-08-06T02:38:00+00:00,rsa,2048,,sha256,cms,valid,none,2026-09-01T12:00:00+00:00,1,,0
2026-08-27T08:35:00+00:00,ec,256,secp256r1,sha256,jws,valid,none,2026-09-01T12:00:00+00:00,0,,0
2026-08-12T06:23:00+00:00,ed25519,256,,sha256,pdf,valid,trusted,,0,,0
2026-08-07T10:06:00+00:00,ec,256,secp384r1,sha256,jws,valid,trusted,2026-09-01T12:00:00+00:00,0,,0
2026-08-11T06:38:00+00:00,ec,256,secp384r1,sha512,raw,invalid,trusted,,1,forgery,0
2026-08-13T16:00:00+00:00,rsa,3072,,sha384,pdf,invalid,trusted,2026-09-01T12:00:00+00:00,0,forgery,0
2026-08-18T02:46:00+00:00,rsa,3072,,sha256,jws,valid,none,2026-09-01T12:00:00+00:00,1,,0
2026-08-22T06:45:00+00:00,rsa,1024,,sha1,cms,invalid,incomplete,2026-09-01T12:00:00+00:00,1,weak_crypto|forgery,1
2026-08-14T07:01:00+00:00,rsa,2048,,sha256,raw,valid,none,2026-09-01T12:00:00+00:00,0,,0
2026-08-22T02:44:00+00:00,rsa,2048,,sha256,raw,valid,trusted,2026-09-01T12:00:00+00:00,0,,0
2026-08-15T17:26:00+00:00,ec,256,secp256r1,sha256,jws,valid,none,2026-09-01T12:00:00+00:00,1,,0
2026-08-26T09:45:00+00:00,rsa,4096,,sha256,pdf,valid,none,2026-09-01T12:00:00+00:00,0,,0
2026-08-11T12:33:00+00:00,ec,256,secp256r1,sha256,raw,indeterminate,none,2026-09-01T12:00:00+00:00,0,chain,0
2026-08-08T10:30:00+00:00,ec,256,secp256r1,sha256,raw,indeterminate,trusted,2026-09-01T12:00:00+00:00,1,,0
2026-08-09T13:47:00+00:00,ed25519,256,,sha512,raw,valid,trusted,2026-09-01T12:00:00+00:00,0,,0
2026-08-04T11:40:00+00:00,rsa,3072,,sha384,pdf,invalid,trusted,,0,forgery,0
2026-08-27T08:44:00+00:00,ec,256,secp384r1,sha512,pdf,valid,trusted,,1,,0
2026-08-09T23:42:00+00:00,rsa,4096,,sha256,pdf,valid,none,,0,,0
2026-08-05T01:25:00+00:00,ec,256,secp256r1,sha384,jws,valid,trusted,2026-09-01T12:00:00+00:00,1,,0
2026-08-08T18:01:00+00:00,ed25519,256,,sha256,raw,valid,trusted,2026-09-01T12:00:00+00:00,1,,0
2026-08-02T15:29:00+00:00,ec,256,secp384r1,sha256,raw,valid,trusted,2026-09-01T12:00:00+00:00,1,,0
2026-08-10T04:00:00+00:00,ec,256,secp384r1,sha256,raw,valid,trusted,2026-09-01T12:00:00+00:00,1,,0
2026-08-05T12:01:00+00:00,rsa,3072,,sha256,raw,valid,none,,1,,0
2026-09-01T02:12:00+00:00,rsa,2048,,sha256,cms,invalid,untrusted,2026-09-01T12:00:00+00:00,1,forgery|policy,1
2026-08-25T22:21:00+00:00,ec,256,secp256r1,sha384,raw,valid,incomplete,2026-09-01T12:00:00+00:00,1,,0
2026-08-19T16:07:00+00:00,ec,256,secp256r1,sha256,jws,valid,trusted,,1,,0
2026-08-18T00:34:00+00:00,ec,256,secp384r1,sha384,pdf,valid,none,,1,,0
2026-08-08T08:46:00+00:00,rsa,2048,,sha512,jws,invalid,incomplete,,1,forgery,0
2026-08-02T18:42:00+00:00,ed25519,256,,sha256,jws,valid,none,2026-09-01T12:00:00+00:00,1,,0
2026-08-13T12:23:00+00:00,ec,256,secp256r1,sha384,cms,invalid,incomplete,2026-09-01T12:00:00+00:00,1,forgery,0
2026-08-05T06:20:00+00:00,ed25519,256,,sha384,raw,indeterminate,trusted,,0,,0
2026-08-09T02:13:00+00:00,rsa,2048,,sha256,raw,valid,trusted,,0,,0
2026-08-10T11:41:00+00:00,ed25519,256,,sha256,raw,valid,trusted,2026-09-01T12:00:00+00:00,1,,0
2026-08-04T23:42:00+00:00,rsa,4096,,sha256,raw,valid,untrusted,,0,,0
2026-08-28T06:56:00+00:00,ec,256,secp256r1,sha384,raw,valid,incomplete,,0,,0
2026-08-29T05:59:00+00:00,ed25519,256,,sha256,raw,indeterminate,trusted,,1,revocation,0
2026-08-12T20:54:00+00:00,ec,256,secp384r1,sha384,jws,valid,none,2026-09-01T12:00:00+00:00,1,,0
2026-08-11T23:12:00+00:00,ec,256,secp256r1,sha256,pdf,valid,trusted,,0,,0
2026-08-08T13:51:00+00:00,ec,256,secp256r1,sha384,raw,valid,none,2026-09-01T12:00:00+00:00,0,,0
2026-08-17T03:58:00+00:00,rsa,4096,,sha256,raw,valid,trusted,,0,,0
2026-08-27T04:57:00+00:00,ed25519,256,,sha384,raw,valid,trusted,2026-09-01T12:00:00+00:00,1,,0
2026-08-06T00:21:00+00:00,ed25519,256,,sha256,raw,valid,trusted,,1,,0
2026-08-14T03:25:00+00:00,rsa,1024,secp256r1,sha1,jws,invalid,trusted,2026-09-01T12:00:00+00:00,0,weak_crypto|forgery,1
2026-08-17T15:16:00+00:00,rsa,3072,,sha384,raw,valid,none,2026-09-01T12:00:00+00:00,0,,0
2026-08-12T19:49:00+00:00,ed25519,256,,sha256,jws,valid,trusted,2026-09-01T12:00:00+00:00,0,,0
2026-09-01T01:12:00+00:00,ed25519,256,,sha256,raw,valid,trusted,2026-09-01T12:00:00+00:00,0,,0
2026-08-08T17:53:00+00:00,rsa,4096,,sha256,raw,indeterminate,none,,0,,0
2026-08-31T00:50:00+00:00,rsa,3072,,sha256,pdf,valid,none,2026-09-01T12:00:00+00:00,1,,0
2026-08-30T15:05:00+00:00,rsa,2048,,sha384,cms,valid,untrusted,2026-09-01T12:00:00+00:00,1,,0
2026-08-05T12:57:00+00:00,ec,256,secp384r1,sha256,raw,valid,trusted,2026-09-01T12:00:00+00:00,1,,0
2026-08-15T13:39:00+00:00,ed25519,256,,sha256,jws,valid,untrusted,2026-09-01T12:00:00+00:00,1,,0
2026-09-01T02:04:00+00:00,ec,256,secp384r1,sha256,cms,invalid,none,2026-09-01T12:00:00+00:00,1,forgery|policy,1
2026-08-23T13:49:00+00:00,rsa,4096,,sha256,cms,valid,incomplete,2026-09-01T12:00:00+00:00,0,,0
2026-08-27T09:52:00+00:00,rsa,3072,,sha256,raw,valid,none,,1,,0
2026-09-01T09:02:00+00:00,rsa,4096,,sha256,cms,valid,none,2026-09-01T12:00:00+00:00,1,,0
2026-08-25T22:07:00+00:00,rsa,2048,,sha512,raw,valid,trusted,,0,,0
2026-08-06T18:12:00+00:00,ec,256,secp256r1,sha256,raw,indeterminate,none,,1,revocation,0
2026-09-01T02:07:00+00:00,rsa,3072,,sha384,raw,invalid,trusted,,0,forgery|policy,1
2026-08-10T23:18:00+00:00,dsa,1024,,md5,cms,valid,error,2026-09-01T12:00:00+00:00,1,weak_crypto,1
2026-08-11T11:00:00+00:00,ec,256,secp256r1,sha384,raw,invalid,none,2026-09-01T12:00:00+00:00,0,forgery,0
2026-08-29T08:46:00+00:00,ec,256,secp384r1,sha256,cms,valid,trusted,,1,,0
2026-08-15T02:07:00+00:00,ec,256,secp384r1,sha384,raw,valid,none,,1,,0
2026-08-06T23:34:00+00:00,rsa,3072,,sha256,cms,valid,trusted,,0,,0
2026-08-23T10:14:00+00:00,ec,256,secp384r1,sha256,raw,valid,trusted,2026-09-01T12:00:00+00:00,1,,0
2026-08-18T10:49:00+00:00,rsa,2048,,sha256,raw,valid,trusted,2026-09-01T12:00:00+00:00,1,,0
2026-08-05T05:25:00+00:00,rsa,2048,,sha256,raw,valid,trusted,,0,,0
2026-08-06T08:22:00+00:00,ec,256,secp256r1,sha256,jws,valid,untrusted,2026-09-01T12:00:00+00:00,0,,0
2026-08-25T04:15:00+00:00,ec,256,secp384r1,sha256,jws,invalid,trusted,2026-09-01T12:00:00+00:00,0,forgery,0
2026-08-06T14:29:00+00:00,ed25519,256,,sha256,jws,valid,none,,0,,0
2026-08-19T00:51:00+00:00,ec,256,secp384r1,sha512,jws,indeterminate,trusted,,0,revocation,0
2026-08-19T20:47:00+00:00,rsa,2048,,sha384,jws,indeterminate,incomplete,2026-09-01T12:00:00+00:00,1,,0
2026-08-04T13:21:00+00:00,rsa,4096,,sha384,raw,indeterminate,trusted,2026-09-01T12:00:00+00:00,0,timestamp,0
2026-08-30T15:21:00+00:00,ec,256,secp256r1,sha256,jws,invalid,incomplete,,1,forgery,0
2026-08-08T22:31:00+00:00,rsa,2048,,sha256,pdf,valid,trusted,,1,,0
2026-08-27T00:46:00+00:00,ec,256,secp256r1,sha256,raw,indeterminate,none,2026-09-01T12:00:00+00:00,0,chain,0
2026-09-01T05:07:00+00:00,rsa,2048,,sha256,pdf,valid,trusted,,0,,0
2026-08-30T13:18:00+00:00,ed25519,256,,sha256,cms,indeterminate,none,,1,revocation,0
2026-08-07T21:46:00+00:00,ec,256,secp384r1,sha512,jws,valid,trusted,2026-09-01T12:00:00+00:00,1,,0
2026-08-28T05:06:00+00:00,rsa,3072,,sha256,cms,valid,untrusted,2026-09-01T12:00:00+00:00,0,,0
2026-08-03T00:24:00+00:00,rsa,4096,,sha384,pdf,indeterminate,trusted,2026-09-01T12:00:00+00:00,1,timestamp,0
2026-08-13T00:16:00+00:00,rsa,4096,,sha256,pdf,invalid,trusted,2026-09-01T12:00:00+00:00,0,forgery,0
2026-08-22T12:53:00+00:00,rsa,2048,,sha384,pdf,indeterminate,trusted,2026-09-01T12:00:00+00:00,0,,0
2026-08-30T20:50:00+00:00,ed25519,256,,sha256,raw,valid,untrusted,2026-09-01T12:00:00+00:00,1,,0
2026-08-07T22:06:00+00:00,ec,256,secp256r1,sha384,raw,valid,trusted,2026-09-01T12:00:00+00:00,0,,0
2026-09-01T01:15:00+00:00,ec,256,secp384r1,sha256,raw,invalid,trusted,,1,forgery|policy,1
2026-08-15T09:44:00+00:00,rsa,4096,,sha256,cms,valid,none,2026-09-01T12:00:00+00:00,0,,0
2026-08-08T12:57:00+00:00,ec,256,secp256r1,sha256,jws,valid,incomplete,,0,,0
2026-08-12T05:53:00+00:00,ec,256,secp256r1,sha256,pdf,valid,none,2026-09-01T12:00:00+00:00,1,,0
2026-08-28T15:02:00+00:00,rsa,3072,,sha256,pdf,indeterminate,trusted,,0,timestamp,0
2026-08-30T02:56:00+00:00,ec,256,secp256r1,sha256,jws,valid,untrusted,,0,,0
2026-08-21T11:44:00+00:00,ed25519,256,,sha256,jws,valid,trusted,2026-09-01T12:00:00+00:00,1,,0
2026-08-26T13:37:00+00:00,ec,256,secp384r1,sha256,raw,valid,none,2026-09-01T12:00:00+00:00,0,,0
2026-08-18T12:05:00+00:00,ed25519,256,,sha256,cms,valid,none,2026-09-01T12:00:00+00:00,1,,0
2026-08-09T17:00:00+00:00,ec,256,secp256r1,sha384,cms,valid,none,2026-09-01T12:00:00+00:00,0,,0
2026-08-17T21:49:00+00:00,rsa,3072,,sha256,raw,valid,trusted,,0,,0
2026-08-12T23:47:00+00:00,ec,256,secp384r1,sha256,raw,valid,trusted,2026-09-01T12:00:00+00:00,0,,0
2026-08-20T20:53:00+00:00,rsa,2048,,sha256,pdf,valid,trusted,,1,,0
2026-08-14T11:06:00+00:00,rsa,3072,,sha256,raw,valid,trusted,2026-09-01T12:00:00+00:00,1,,0
2026-08-12T12:44:00+00:00,ec,256,secp384r1,sha256,cms,valid,trusted,2026-09-01T12:00:00+00:00,0,,0
2026-08-31T15:27:00+00:00,dsa,1024,secp256r1,md5,raw,valid,error,2026-09-01T12:00:00+00:00,1,weak_crypto,1
2026-08-20T17:33:00+00:00,ed25519,256,,sha256,raw,valid,trusted,2026-09-01T12:00:00+00:00,1,,0
2026-08-11T07:56:00+00:00,ec,256,secp256r1,sha256,raw,valid,none,2026-09-01T12:00:00+00:00,0,,0
2026-08-15T09:13:00+00:00,rsa,2048,,sha256,pdf,valid,trusted,,1,,0
2026-09-01T03:07:00+00:00,ed25519,256,,sha256,raw,invalid,trusted,2026-09-01T12:00:00+00:00,1,forgery|policy,1
2026-09-01T11:01:00+00:00,rsa,2048,,sha256,cms,valid,trusted,2026-09-01T12:00:00+00:00,1,,0
2026-08-25T04:52:00+00:00,ec,256,secp256r1,sha384,raw,valid,trusted,2026-09-01T12:00:00+00:00,1,,0
2026-08-11T17:26:00+00:00,ed25519,256,,sha256,jws,valid,none,2026-09-01T12:00:00+00:00,1,,0
2026-08-04T16:46:00+00:00,rsa,4096,,sha256,raw,valid,trusted,2026-09-01T12:00:00+00:00,1,,0
2026-08-16T15:40:00+00:00,rsa,3072,,sha256,pdf,valid,trusted,2026-09-01T12:00:00+00:00,0,,0
2026-08-05T04:04:00+00:00,ec,256,secp384r1,sha256,raw,valid,none,2026-09-01T12:00:00+00:00,1,,0
2026-08-13T12:18:00+00:00,rsa,2048,,sha256,cms,valid,trusted,,0,,0
2026-08-29T02:29:00+00:00,rsa,2048,,sha256,cms,valid,trusted,2026-09-01T12:00:00+00:00,0,,0
2026-08-15T01:07:00+00:00,ed25519,256,,sha512,cms,valid,trusted,2026-09-01T12:00:00+00:00,1,,0
2026-08-23T16:31:00+00:00,ec,256,secp384r1,sha256,pdf,valid,none,2026-09-01T12:00:00+00:00,0,,0
2026-08-27T02:52:00+00:00,ec,256,secp384r1,sha256,raw,valid,trusted,2026-09-01T12:00:00+00:00,1,,0
2026-08-06T11:56:00+00:00,rsa,4096,,sha256,raw,valid,none,,0,,0
2026-08-26T13:22:00+00:00,rsa,3072,,sha256,cms,valid,trusted,2026-09-01T12:00:00+00:00,1,,0
2026-08-14T12:36:00+00:00,rsa,3072,,sha384,raw,valid,trusted,2026-09-01T12:00:00+00:00,0,,0
2026-08-25T21:27:00+00:00,rsa,4096,,sha256,pdf,valid,trusted,2026-09-01T12:00:00+00:00,0,,0
2026-08-24T17:47:00+00:00,rsa,2048,,sha256,jws,valid,none,,0,,0
2026-08-14T12:08:00+00:00,ec,256,secp256r1,sha256,cms,invalid,incomplete,2026-09-01T12:00:00+00:00,1,validity|forgery|chain|revocation,1
2026-08-11T20:07:00+00:00,rsa,4096,,sha256,raw,valid,trusted,,1,,0
2026-08-10T12:58:00+00:00,rsa,2048,,sha256,pdf,valid,trusted,2026-09-01T12:00:00+00:00,1,,0
2026-08-17T13:08:00+00:00,rsa,3072,,sha256,jws,valid,incomplete,2026-09-01T12:00:00+00:00,1,,0
2026-08-28T00:22:00+00:00,ec,256,secp256r1,sha256,jws,valid,trusted,2026-09-01T12:00:00+00:00,0,,0
2026-08-22T20:31:00+00:00,rsa,2048,,sha256,raw,valid,trusted,2026-09-01T12:00:00+00:00,0,,0
2026-08-30T11:05:00+00:00,ec,256,secp384r1,sha256,raw,valid,trusted,2026-09-01T12:00:00+00:00,0,,0
2026-08-21T13:35:00+00:00,rsa,3072,,sha256,raw,valid,trusted,2026-09-01T12:00:00+00:00,0,,0
2026-08-31T11:58:00+00:00,ed25519,256,,sha256,cms,valid,none,2026-09-01T12:00:00+00:00,1,,0
2026-09-01T07:45:00+00:00,ed25519,256,,sha512,raw,valid,incomplete,,1,,0
2026-08-24T20:37:00+00:00,ec,256,secp384r1,sha256,jws,valid,trusted,2026-09-01T12:00:00+00:00,1,,0
2026-08-15T09:08:00+00:00,rsa,3072,,sha256,cms,indeterminate,trusted,,0,chain,0
2026-08-22T16:43:00+00:00,rsa,4096,,sha512,jws,valid,incomplete,2026-09-01T12:00:00+00:00,1,,0
2026-08-13T13:57:00+00:00,rsa,2048,,sha256,pdf,valid,trusted,,1,,0
2026-08-16T22:08:00+00:00,ec,256,secp384r1,sha256,raw,valid,trusted,,0,,0
2026-08-24T08:49:00+00:00,ec,256,secp256r1,sha384,raw,valid,none,2026-09-01T12:00:00+00:00,0,,0
2026-08-09T09:54:00+00:00,rsa,2048,,sha256,raw,valid,trusted,2026-09-01T12:00:00+00:00,0,,0
2026-08-16T15:57:00+00:00,rsa,4096,,sha256,jws,valid,untrusted,2026-09-01T12:00:00+00:00,0,,0
2026-08-30T23:12:00+00:00,ec,256,secp256r1,sha256,raw,valid,trusted,,1,,0
2026-08-23T10:15:00+00:00,rsa,3072,,sha256,raw,valid,incomplete,2026-09-01T12:00:00+00:00,0,,0
2026-08-09T06:43:00+00:00,ec,256,secp384r1,sha256,raw,valid,trusted,2026-09-01T12:00:00+00:00,1,,0
2026-08-13T22:15:00+00:00,rsa,3072,,sha384,jws,valid,none,2026-09-01T12:00:00+00:00,0,,0
2026-08-19T07:55:00+00:00,ed25519,256,,sha256,jws,valid,trusted,2026-09-01T12:00:00+00:00,0,,0
2026-08-15T09:38:00+00:00,rsa,4096,,sha256,pdf,valid,untrusted,,1,,0
2026-09-01T05:52:00+00:00,ed25519,256,,sha256,cms,valid,none,2026-09-01T12:00:00+00:00,0,,0
2026-08-10T16:51:00+00:00,rsa,4096,,sha256,raw,indeterminate,trusted,2026-09-01T12:00:00+00:00,1,timestamp,0
2026-08-11T10:34:00+00:00,ec,256,secp256r1,sha256,cms,indeterminate,none,,0,revocation,0
2026-08-20T17:38:00+00:00,rsa,4096,,sha256,cms,valid,trusted,2026-09-01T12:00:00+00:00,0,,0
2026-08-24T05:31:00+00:00,ec,256,secp256r1,sha256,cms,valid,trusted,2026-09-01T12:00:00+00:00,0,,0
2026-08-09T06:33:00+00:00,ed25519,256,,sha256,raw,valid,trusted,2026-09-01T12:00:00+00:00,1,,0
2026-08-23T18:05:00+00:00,rsa,2048,,sha384,cms,indeterminate,trusted,,1,revocation,0
2026-08-24T14:15:00+00:00,rsa,3072,,sha256,jws,valid,none,,1,,0
2026-08-15T20:21:00+00:00,rsa,4096,,sha256,jws,valid,none,2026-09-01T12:00:00+00:00,0,,0
2026-08-13T05:46:00+00:00,ec,256,secp384r1,sha256,raw,invalid,incomplete,2026-09-01T12:00:00+00:00,1,forgery,0
2026-08-05T19:53:00+00:00,rsa,4096,,sha384,raw,invalid,trusted,,0,chain|revocation|validity|weak_crypto,1
2026-08-26T06:54:00+00:00,ec,256,secp384r1,sha384,raw,valid,incomplete,2026-09-01T12:00:00+00:00,0,,0
2026-08-12T00:33:00+00:00,rsa,4096,,sha384,jws,valid,trusted,2026-09-01T12:00:00+00:00,0,,0
2026-08-19T20:32:00+00:00,rsa,3072,,sha256,pdf,valid,untrusted,2026-09-01T12:00:00+00:00,0,,0
2026-09-01T03:06:00+00:00,ec,256,secp256r1,sha256,raw,invalid,trusted,2026-09-01T12:00:00+00:00,0,forgery|policy,1
2026-08-23T12:48:00+00:00,ec,256,secp256r1,sha256,raw,valid,incomplete,2026-09-01T12:00:00+00:00,0,,0
2026-08-11T10:36:00+00:00,ed25519,256,,sha512,raw,valid,trusted,,0,,0
2026-08-26T16:44:00+00:00,ed25519,256,,sha256,jws,valid,untrusted,2026-09-01T12:00:00+00:00,1,,0
2026-08-28T10:14:00+00:00,rsa,4096,,sha256,pdf,invalid,none,,1,forgery,0
2026-08-13T19:41:00+00:00,ed25519,256,,sha384,cms,indeterminate,none,2026-09-01T12:00:00+00:00,0,revocation,0
2026-08-09T04:04:00+00:00,rsa,2048,,sha256,raw,valid,untrusted,2026-09-01T12:00:00+00:00,1,,0
2026-08-19T16:27:00+00:00,rsa,2048,,sha256,raw,valid,trusted,2026-09-01T12:00:00+00:00,0,,0
2026-08-11T20:02:00+00:00,rsa,4096,,sha384,pdf,invalid,trusted,2026-09-01T12:00:00+00:00,0,forgery,0
2026-08-25T19:40:00+00:00,ed25519,256,,sha384,jws,valid,trusted,2026-09-01T12:00:00+00:00,0,,0
2026-08-07T19:43:00+00:00,rsa,4096,,sha256,raw,indeterminate,trusted,2026-09-01T12:00:00+00:00,0,timestamp,0
2026-09-01T01:40:00+00:00,rsa,2048,,sha256,jws,invalid,trusted,2026-09-01T12:00:00+00:00,1,forgery|policy,1
2026-08-12T22:38:00+00:00,ed25519,256,,sha256,raw,invalid,trusted,,0,policy|weak_crypto|validity|revocation,1
2026-08-10T17:00:00+00:00,rsa,4096,,sha256,pdf,valid,none,,1,,0
2026-08-04T18:00:00+00:00,ec,256,secp256r1,sha384,pdf,indeterminate,trusted,2026-09-01T12:00:00+00:00,0,chain,0
2026-08-13T21:56:00+00:00,rsa,3072,,sha384,jws,valid,trusted,2026-09-01T12:00:00+00:00,0,,0
2026-08-20T04:17:00+00:00,rsa,2048,,sha384,raw,valid,trusted,2026-09-01T12:00:00+00:00,1,,0
2026-08-26T07:39:00+00:00,rsa,4096,,sha256,cms,valid,trusted,,1,,0
2026-08-23T22:05:00+00:00,ec,256,secp256r1,sha256,raw,valid,trusted,2026-09-01T12:00:00+00:00,1,,0
2026-08-11T12:42:00+00:00,ec,256,secp256r1,sha256,raw,valid,trusted,,1,,0
2026-08-10T22:45:00+00:00,rsa,2048,,sha256,raw,indeterminate,none,2026-09-01T12:00:00+00:00,0,chain,0
2026-08-21T19:16:00+00:00,rsa,2048,,sha256,raw,valid,trusted,,1,,0
2026-08-23T04:56:00+00:00,ed25519,256,,sha256,pdf,valid,none,2026-09-01T12:00:00+00:00,0,,0
2026-08-24T13:25:00+00:00,ec,256,secp384r1,sha256,cms,invalid,trusted,,1,forgery,0
2026-08-26T22:04:00+00:00,rsa,2048,,sha256,raw,valid,untrusted,2026-09-01T12:00:00+00:00,1,,0
2026-08-26T18:14:00+00:00,ed25519,256,,sha384,cms,valid,untrusted,,0,,0
2026-08-16T18:30:00+00:00,rsa,2048,,sha256,pdf,indeterminate,untrusted,,1,timestamp,0
2026-08-30T20:19:00+00:00,ec,256,secp384r1,sha256,raw,valid,trusted,2026-09-01T12:00:00+00:00,0,,0
2026-08-22T02:22:00+00:00,rsa,4096,,sha512,pdf,valid,none,2026-09-01T12:00:00+00:00,1,,0
2026-08-14T05:02:00+00:00,ec,256,secp384r1,sha256,raw,invalid,none,2026-09-01T12:00:00+00:00,1,forgery,0
2026-08-18T02:45:00+00:00,ec,256,secp256r1,sha256,jws,valid,trusted,2026-09-01T12:00:00+00:00,0,,0
2026-08-28T05:19:00+00:00,ec,256,secp384r1,sha256,jws,valid,none,,1,,0
2026-08-17T13:28:00+00:00,rsa,2048,,sha256,cms,valid,trusted,,0,,0
2026-08-25T12:55:00+00:00,ec,256,secp384r1,sha256,raw,valid,none,2026-09-01T12:00:00+00:00,1,,0
2026-08-11T19:50:00+00:00,ec,256,secp256r1,sha512,raw,valid,none,,1,,0
2026-08-05T02:28:00+00:00,rsa,2048,,sha256,pdf,indeterminate,incomplete,,0,chain,0
2026-08-07T22:02:00+00:00,rsa,3072,,sha256,pdf,valid,trusted,2026-09-01T12:00:00+00:00,1,,0
2026-08-06T16:18:00+00:00,ec,256,secp256r1,sha384,raw,valid,trusted,,1,,0
2026-08-11T07:04:00+00:00,rsa,3072,,sha384,jws,valid,trusted,,1,,0
2026-08-27T15:51:00+00:00,rsa,2048,,sha384,jws,valid,none,,1,,0
2026-08-15T23:53:00+00:00,rsa,3072,,sha384,raw,valid,trusted,2026-09-01T12:00:00+00:00,1,,0
2026-08-30T04:50:00+00:00,ed25519,256,,sha256,raw,indeterminate,trusted,2026-09-01T12:00:00+00:00,1,chain,0
2026-08-26T01:16:00+00:00,ed25519,256,,sha256,pdf,valid,trusted,2026-09-01T12:00:00+00:00,1,,0
2026-08-30T03:46:00+00:00,rsa,3072,,sha256,raw,invalid,trusted,2026-09-01T12:00:00+00:00,1,forgery|weak_crypto|revocation|policy,1
2026-08-24T04:23:00+00:00,ec,256,secp256r1,sha256,raw,valid,incomplete,2026-09-01T12:00:00+00:00,1,,0
2026-08-19T09:30:00+00:00,ed25519,256,,sha256,cms,valid,none,,1,,0
2026-08-19T18:30:00+00:00,rsa,2048,,sha384,raw,indeterminate,trusted,,1,chain,0
2026-08-18T22:00:00+00:00,ec,256,secp384r1,sha256,pdf,valid,trusted,2026-09-01T12:00:00+00:00,1,,0
2026-08-26T23:53:00+00:00,ed25519,256,,sha256,pdf,indeterminate,trusted,,1,revocation,0
2026-08-28T09:58:00+00:00,ec,256,secp256r1,sha256,pdf,valid,none,2026-09-01T12:00:00+00:00,1,,0
2026-08-11T06:43:00+00:00,rsa,3072,,sha256,raw,valid,trusted,,1,,0
2026-08-29T18:13:00+00:00,ec,256,secp256r1,sha256,cms,valid,trusted,2026-09-01T12:00:00+00:00,0,,0
2026-08-13T19:23:00+00:00,ed25519,256,,sha256,raw,indeterminate,trusted,2026-09-01T12:00:00+00:00,1,timestamp,0
2026-08-02T22:54:00+00:00,ed25519,256,,sha256,raw,valid,trusted,2026-09-01T12:00:00+00:00,0,,0
2026-08-28T03:08:00+00:00,rsa,3072,,sha256,raw,valid,trusted,2026-09-01T12:00:00+00:00,1,,0
2026-08-09T22:22:00+00:00,rsa,4096,,sha256,raw,valid,trusted,2026-09-01T12:00:00+00:00,1,,0
2026-08-07T13:41:00+00:00,ed25519,256,,sha512,raw,indeterminate,incomplete,2026-09-01T12:00:00+00:00,1,revocation,0
2026-08-16T09:54:00+00:00,ed25519,256,,sha256,cms,valid,none,,1,,0
2026-08-04T15:46:00+00:00,rsa,2048,,sha256,raw,valid,trusted,2026-09-01T12:00:00+00:00,0,,0
2026-08-19T00:07:00+00:00,ec,256,secp384r1,sha256,raw,valid,untrusted,2026-09-01T12:00:00+00:00,0,,0
2026-08-19T14:45:00+00:00,rsa,2048,,sha384,pdf,valid,trusted,,0,,0
2026-08-20T06:32:00+00:00,ec,256,secp384r1,sha256,raw,valid,trusted,,0,,0
2026-08-23T14:21:00+00:00,rsa,2048,,sha256,raw,valid,none,,0,,0
2026-08-07T06:34:00+00:00,rsa,1024,,sha1,pdf,invalid,untrusted,2026-09-01T12:00:00+00:00,1,weak_crypto|forgery,1
2026-08-26T12:53:00+00:00,rsa,3072,,sha256,jws,valid,none,2026-09-01T12:00:00+00:00,0,,0
2026-08-24T21:32:00+00:00,rsa,2048,,sha256,pdf,valid,untrusted,,1,,0
2026-08-26T01:50:00+00:00,ed25519,256,,sha256,pdf,indeterminate,trusted,2026-09-01T12:00:00+00:00,1,revocation,0
2026-08-14T11:59:00+00:00,rsa,4096,,sha512,pdf,invalid,trusted,2026-09-01T12:00:00+00:00,0,forgery,0
2026-09-01T04:00:00+00:00,rsa,4096,,sha256,raw,invalid,incomplete,2026-09-01T12:00:00+00:00,0,forgery|policy,1
2026-08-07T15:00:00+00:00,rsa,3072,,sha384,pdf,valid,none,,0,,0
2026-08-17T16:44:00+00:00,ec,256,secp384r1,sha384,pdf,valid,trusted,2026-09-01T12:00:00+00:00,1,,0
2026-08-05T13:22:00+00:00,ec,256,secp384r1,sha256,raw,valid,trusted,,1,,0
2026-08-11T17:27:00+00:00,ec,256,secp384r1,sha384,raw,valid,trusted,,1,,0
2026-08-09T13:58:00+00:00,ec,256,secp256r1,sha256,raw,valid,incomplete,,0,,0
2026-08-21T18:34:00+00:00,rsa,2048,,sha256,jws,valid,none,2026-09-01T12:00:00+00:00,1,,0
2026-08-14T16:02:00+00:00,rsa,4096,,sha256,raw,valid,trusted,,1,,0
2026-08-31T04:35:00+00:00,rsa,4096,,sha384,pdf,valid,trusted,2026-09-01T12:00:00+00:00,0,,0
2026-08-30T21:38:00+00:00,ec,256,secp384r1,sha256,cms,indeterminate,trusted,,0,revocation,0
2026-08-27T15:18:00+00:00,rsa,2048,,sha384,pdf,valid,trusted,2026-09-01T12:00:00+00:00,0,,0
2026-08-21T19:58:00+00:00,rsa,2048,,sha384,raw,invalid,trusted,,0,forgery,0
2026-08-17T03:14:00+00:00,ec,256,secp256r1,sha256,cms,valid,none,2026-09-01T12:00:00+00:00,1,,0
2026-08-29T21:34:00+00:00,rsa,3072,,sha512,pdf,valid,trusted,,1,,0
2026-08-21T22:05:00+00:00,ec,256,secp384r1,sha256,raw,valid,incomplete,,1,,0
2026-08-15T07:59:00+00:00,ed25519,256,,sha256,pdf,valid,none,,0,,0
2026-08-16T15:06:00+00:00,ec,256,secp256r1,sha256,raw,valid,none,2026-09-01T12:00:00+00:00,0,,0
2026-08-21T17:00:00+00:00,ed25519,256,,sha384,jws,valid,trusted,2026-09-01T12:00:00+00:00,1,,0
2026-08-15T04:20:00+00:00,ec,256,secp256r1,sha256,pdf,indeterminate,none,2026-09-01T12:00:00+00:00,1,revocation,0
2026-08-28T06:39:00+00:00,rsa,4096,,sha256,raw,indeterminate,none,,0,revocation,0
2026-08-17T07:37:00+00:00,ec,256,secp384r1,sha384,raw,valid,trusted,,1,,0
2026-08-28T19:12:00+00:00,rsa,3072,,sha512,pdf,valid,none,2026-09-01T12:00:00+00:00,1,,0
2026-08-27T22:25:00+00:00,ed25519,256,,sha256,raw,valid,none,2026-09-01T12:00:00+00:00,1,,0
2026-08-25T05:47:00+00:00,rsa,1024,,sha1,pdf,invalid,none,,0,weak_crypto|forgery,1
2026-08-06T02:46:00+00:00,ed25519,256,,sha256,cms,valid,trusted,,0,,0
2026-08-22T13:28:00+00:00,ec,256,secp256r1,sha256,jws,valid,trusted,,0,,0
2026-08-22T01:03:00+00:00,rsa,1024,secp256r1,sha1,cms,invalid,incomplete,,1,weak_crypto|forgery,1
2026-08-29T10:41:00+00:00,rsa,2048,,sha256,raw,valid,trusted,,1,,0
2026-08-10T23:34:00+00:00,rsa,2048,,sha256,cms,valid,trusted,,0,,0
2026-08-27T07:25:00+00:00,rsa,3072,,sha256,cms,valid,none,,1,,0
2026-08-23T03:23:00+00:00,ec,256,secp256r1,sha384,raw,valid,none,2026-09-01T12:00:00+00:00,0,,0
2026-08-12T16:01:00+00:00,rsa,2048,,sha384,raw,valid,trusted,,0,,0
2026-08-17T18:47:00+00:00,ec,256,secp384r1,sha384,cms,indeterminate,trusted,2026-09-01T12:00:00+00:00,0,revocation,0
2026-08-08T22:32:00+00:00,ed25519,256,,sha384,raw,valid,none,2026-09-01T12:00:00+00:00,1,,0
2026-08-03T15:40:00+00:00,rsa,2048,,sha256,pdf,invalid,none,2026-09-01T12:00:00+00:00,1,forgery,0
2026-08-19T19:09:00+00:00,ec,256,secp256r1,sha384,pdf,valid,untrusted,,1,,0
2026-08-17T17:34:00+00:00,ec,256,secp384r1,sha256,raw,valid,trusted,,0,,0
2026-08-13T19:15:00+00:00,ec,256,secp256r1,sha256,jws,valid,untrusted,2026-09-01T12:00:00+00:00,0,,0
2026-08-08T14:33:00+00:00,rsa,3072,,sha256,raw,valid,trusted,,1,,0
2026-08-22T16:15:00+00:00,rsa,3072,,sha256,cms,valid,trusted,2026-09-01T12:00:00+00:00,1,,0
2026-08-26T21:43:00+00:00,rsa,2048,,sha384,jws,valid,trusted,,1,,0
2026-08-29T07:01:00+00:00,rsa,4096,,sha256,pdf,valid,trusted,2026-09-01T12:00:00+00:00,1,,0
2026-08-20T01:02:00+00:00,ec,256,secp256r1,sha256,cms,valid,trusted,2026-09-01T12:00:00+00:00,1,,0
2026-08-10T06:01:00+00:00,ec,256,secp384r1,sha256,pdf,invalid,trusted,,0,forgery,0
2026-08-09T08:33:00+00:00,ec,256,secp384r1,sha256,pdf,valid,trusted,2026-09-01T12:00:00+00:00,1,,0
2026-08-10T01:58:00+00:00,rsa,2048,,sha256,raw,valid,none,,0,,0
2026-08-18T03:53:00+00:00,rsa,2048,,sha256,cms,valid,untrusted,2026-09-01T12:00:00+00:00,1,,0
2026-08-26T23:01:00+00:00,ec,256,secp256r1,sha256,cms,valid,trusted,2026-09-01T12:00:00+00:00,0,,0
2026-08-16T21:10:00+00:00,ec,256,secp256r1,sha256,raw,valid,trusted,,1,,0
2026-08-28T15:22:00+00:00,ec,256,secp384r1,sha384,raw,valid,trusted,2026-09-01T12:00:00+00:00,1,,0
2026-08-03T21:24:00+00:00,dsa,1024,secp384r1,md5,jws,valid,error,,0,weak_crypto,1
2026-08-03T12:19:00+00:00,rsa,1024,secp384r1,sha1,raw,invalid,trusted,2026-09-01T12:00:00+00:00,1,weak_crypto|forgery,1
2026-08-23T21:45:00+00:00,ed25519,256,,sha256,raw,invalid,trusted,2026-09-01T12:00:00+00:00,1,forgery,0
2026-08-09T04:48:00+00:00,ed25519,256,,sha512,cms,indeterminate,trusted,,1,,0
2026-08-03T13:25:00+00:00,rsa,2048,,sha256,cms,invalid,incomplete,,0,forgery,0
2026-08-08T22:38:00+00:00,rsa,2048,,sha512,cms,valid,untrusted,2026-09-01T12:00:00+00:00,0,,0
2026-08-05T18:57:00+00:00,ed25519,256,,sha384,raw,valid,none,,0,,0
2026-08-31T08:52:00+00:00,rsa,2048,,sha512,jws,valid,none,2026-09-01T12:00:00+00:00,1,,0
2026-08-06T14:32:00+00:00,ec,256,secp384r1,sha256,raw,valid,incomplete,2026-09-01T12:00:00+00:00,0,,0
2026-08-09T17:44:00+00:00,ec,256,secp384r1,sha256,cms,indeterminate,trusted,2026-09-01T12:00:00+00:00,1,chain,0
2026-08-25T17:41:00+00:00,ec,256,secp256r1,sha256,raw,indeterminate,trusted,2026-09-01T12:00:00+00:00,0,timestamp,0
2026-08-28T11:07:00+00:00,rsa,3072,,sha256,raw,invalid,none,,1,forgery,0
2026-08-24T05:49:00+00:00,dsa,1024,secp384r1,md5,pdf,valid,error,2026-09-01T12:00:00+00:00,0,weak_crypto,1
2026-08-02T12:03:00+00:00,ec,256,secp256r1,sha256,raw,valid,none,,1,,0
2026-08-29T10:59:00+00:00,rsa,4096,,sha256,pdf,valid,none,,0,,0
2026-08-23T18:19:00+00:00,ec,256,secp384r1,sha512,raw,valid,trusted,2026-09-01T12:00:00+00:00,1,,0
2026-08-12T20:51:00+00:00,ed25519,256,,sha256,raw,valid,none,2026-09-01T12:00:00+00:00,0,,0
2026-08-20T03:20:00+00:00,ec,256,secp256r1,sha384,pdf,valid,trusted,2026-09-01T12:00:00+00:00,0,,0
2026-08-13T05:10:00+00:00,rsa,4096,,sha256,pdf,valid,none,2026-09-01T12:00:00+00:00,1,,0
2026-08-10T06:03:00+00:00,ec,256,secp256r1,sha512,raw,indeterminate,trusted,2026-09-01T12:00:00+00:00,1,,0
2026-08-25T06:14:00+00:00,rsa,4096,,sha256,pdf,invalid,untrusted,,0,forgery,0
2026-08-15T14:55:00+00:00,ec,256,secp384r1,sha256,raw,invalid,none,,1,revocation|weak_crypto|validity|forgery,1
2026-08-16T15:55:00+00:00,ed25519,256,,sha256,raw,valid,trusted,2026-09-01T12:00:00+00:00,1,,0
2026-08-05T22:22:00+00:00,ed25519,256,,sha256,cms,indeterminate,trusted,,1,chain,0
2026-08-16T20:06:00+00:00,ed25519,256,,sha512,pdf,invalid,trusted,2026-09-01T12:00:00+00:00,1,forgery|revocation|weak_crypto|chain,1
2026-08-29T13:26:00+00:00,ed25519,256,,sha384,pdf,valid,trusted,,0,,0
2026-08-03T19:58:00+00:00,rsa,4096,,sha256,raw,indeterminate,trusted,2026-09-01T12:00:00+00:00,1,,0
2026-08-10T07:46:00+00:00,rsa,4096,,sha512,raw,valid,none,2026-09-01T12:00:00+00:00,0,,0
2026-08-27T11:25:00+00:00,rsa,4096,,sha384,pdf,valid,trusted,,0,,0
2026-08-22T15:39:00+00:00,rsa,3072,,sha256,raw,valid,trusted,2026-09-01T12:00:00+00:00,0,,0
2026-08-12T11:03:00+00:00,ed25519,256,,sha256,raw,valid,none,,0,,0
2026-08-27T18:58:00+00:00,ec,256,secp384r1,sha384,raw,indeterminate,none,2026-09-01T12:00:00+00:00,0,revocation,0
2026-08-18T19:30:00+00:00,rsa,2048,,sha256,raw,valid,trusted,,1,,0
2026-08-18T11:27:00+00:00,rsa,3072,,sha256,jws,invalid,incomplete,,0,forgery,0
2026-08-22T15:41:00+00:00,rsa,1024,secp384r1,sha1,raw,invalid,incomplete,2026-09-01T12:00:00+00:00,1,weak_crypto|forgery,1
2026-08-22T21:22:00+00:00,rsa,3072,,sha256,jws,invalid,none,,0,forgery,0
2026-08-27T16:33:00+00:00,ed25519,256,,sha256,jws,valid,none,2026-09-01T12:00:00+00:00,1,,0
2026-08-19T14:14:00+00:00,rsa,3072,,sha256,raw,valid,none,2026-09-01T12:00:00+00:00,0,,0
2026-08-20T21:03:00+00:00,ec,256,secp384r1,sha256,pdf,valid,none,,1,,0
2026-08-13T20:51:00+00:00,ec,256,secp256r1,sha256,raw,valid,trusted,,1,,0
2026-08-14T13:26:00+00:00,rsa,3072,,sha256,raw,valid,trusted,,0,,0
2026-08-04T18:39:00+00:00,ec,256,secp256r1,sha256,raw,valid,trusted,,0,,0
2026-08-09T00:24:00+00:00,ec,256,secp384r1,sha256,raw,indeterminate,trusted,2026-09-01T12:00:00+00:00,0,revocation,0
2026-08-18T16:23:00+00:00,rsa,4096,,sha256,pdf,valid,none,2026-09-01T12:00:00+00:00,1,,0
2026-08-07T13:14:00+00:00,ed25519,256,,sha256,raw,valid,untrusted,2026-09-01T12:00:00+00:00,1,,0
2026-08-14T06:21:00+00:00,ec,256,secp384r1,sha256,cms,invalid,trusted,,1,revocation|validity|forgery|weak_crypto,1
2026-08-11T03:08:00+00:00,ec,256,secp256r1,sha256,raw,invalid,untrusted,,0,chain|policy|weak_crypto|forgery,1
2026-08-28T13:45:00+00:00,ed25519,256,,sha384,jws,valid,none,2026-09-01T12:00:00+00:00,1,,0
2026-08-04T00:07:00+00:00,rsa,1024,,sha1,raw,invalid,trusted,2026-09-01T12:00:00+00:00,1,weak_crypto|forgery,1
2026-08-15T05:12:00+00:00,ec,256,secp384r1,sha256,pdf,valid,trusted,2026-09-01T12:00:00+00:00,0,,0
2026-08-16T13:06:00+00:00,rsa,4096,,sha256,jws,valid,trusted,2026-09-01T12:00:00+00:00,1,,0
2026-08-31T18:39:00+00:00,dsa,1024,,md5,jws,valid,error,,0,weak_crypto,1
2026-08-18T03:57:00+00:00,ed25519,256,,sha256,pdf,valid,trusted,2026-09-01T12:00:00+00:00,0,,0
2026-08-30T19:26:00+00:00,ec,256,secp384r1,sha384,pdf,invalid,trusted,2026-09-01T12:00:00+00:00,1,forgery,0
2026-08-12T11:01:00+00:00,rsa,2048,,sha384,cms,valid,trusted,2026-09-01T12:00:00+00:00,0,,0
2026-08-11T09:02:00+00:00,rsa,3072,,sha512,pdf,valid,trusted,,1,,0
2026-08-04T04:20:00+00:00,ec,256,secp256r1,sha256,raw,valid,untrusted,2026-09-01T12:00:00+00:00,0,,0
2026-08-22T03:48:00+00:00,rsa,4096,,sha256,pdf,valid,trusted,,1,,0
2026-08-21T19:28:00+00:00,ec,256,secp384r1,sha256,raw,valid,trusted,2026-09-01T12:00:00+00:00,1,,0
2026-08-25T09:33:00+00:00,ed25519,256,,sha256,raw,invalid,trusted,2026-09-01T12:00:00+00:00,1,weak_crypto|forgery|policy|chain,1
2026-08-08T14:27:00+00:00,rsa,4096,,sha256,raw,valid,none,,0,,0
2026-08-21T01:36:00+00:00,rsa,2048,,sha256,raw,valid,trusted,2026-09-01T12:00:00+00:00,1,,0
2026-08-11T17:16:00+00:00,rsa,1024,,sha1,raw,invalid,untrusted,,1,weak_crypto|forgery,1
2026-08-31T02:38:00+00:00,rsa,1024,secp256r1,sha1,raw,invalid,trusted,2026-09-01T12:00:00+00:00,1,weak_crypto|forgery,1
2026-08-31T08:40:00+00:00,rsa,4096,,sha384,cms,invalid,trusted,2026-09-01T12:00:00+00:00,1,forgery,0
2026-08-06T18:20:00+00:00,rsa,3072,,sha256,jws,indeterminate,none,,1,timestamp,0
2026-08-02T22:42:00+00:00,rsa,3072,,sha384,raw,valid,incomplete,,1,,0
2026-08-14T02:52:00+00:00,ec,256,secp256r1,sha256,cms,valid,none,2026-09-01T12:00:00+00:00,0,,0
2026-08-04T05:22:00+00:00,rsa,3072,,sha384,jws,valid,trusted,,1,,0
2026-08-24T23:35:00+00:00,rsa,4096,,sha256,pdf,valid,none,2026-09-01T12:00:00+00:00,1,,0
2026-08-12T17:05:00+00:00,rsa,3072,,sha256,raw,valid,trusted,2026-09-01T12:00:00+00:00,1,,0
2026-08-13T10:50:00+00:00,rsa,3072,,sha512,cms,valid,untrusted,,1,,0
2026-08-25T08:48:00+00:00,rsa,2048,,sha256,pdf,valid,trusted,,1,,0
2026-08-05T23:19:00+00:00,ec,256,secp256r1,sha384,raw,indeterminate,trusted,,1,timestamp,0
2026-08-03T13:51:00+00:00,ec,256,secp256r1,sha256,raw,valid,trusted,,1,,0
2026-08-13T14:02:00+00:00,rsa,4096,,sha384,raw,valid,trusted,2026-09-01T12:00:00+00:00,0,,0
2026-08-23T18:14:00+00:00,dsa,1024,secp384r1,md5,cms,indeterminate,error,,0,weak_crypto,1
2026-08-30T08:05:00+00:00,ec,256,secp256r1,sha256,pdf,valid,none,2026-09-01T12:00:00+00:00,1,,0
2026-08-16T00:08:00+00:00,rsa,4096,,sha512,jws,valid,trusted,,0,,0
2026-08-11T12:48:00+00:00,ec,256,secp384r1,sha256,cms,valid,trusted,2026-09-01T12:00:00+00:00,1,,0
2026-08-22T04:52:00+00:00,ec,256,secp384r1,sha256,raw,valid,incomplete,2026-09-01T12:00:00+00:00,1,,0
2026-08-27T00:44:00+00:00,rsa,3072,,sha256,pdf,valid,trusted,2026-09-01T12:00:00+00:00,0,,0
2026-08-25T21:13:00+00:00,ed25519,256,,sha256,raw,valid,none,,1,,0
2026-08-24T23:02:00+00:00,ec,256,secp384r1,sha384,raw,valid,untrusted,,0,,0
2026-08-18T02:24:00+00:00,rsa,3072,,sha256,raw,valid,none,2026-09-01T12:00:00+00:00,0,,0
2026-08-10T09:27:00+00:00,rsa,3072,,sha256,cms,valid,none,2026-09-01T12:00:00+00:00,1,,0
2026-08-15T00:16:00+00:00,rsa,1024,secp384r1,sha1,raw,invalid,none,2026-09-01T12:00:00+00:00,1,weak_crypto|forgery,1
2026-08-17T04:23:00+00:00,ed25519,256,,sha256,pdf,valid,trusted,,0,,0
2026-08-07T05:19:00+00:00,rsa,2048,,sha256,raw,valid,trusted,,1,,0
2026-08-29T19:04:00+00:00,ec,256,secp256r1,sha256,raw,valid,trusted,2026-09-01T12:00:00+00:00,0,,0
2026-08-08T03:41:00+00:00,rsa,4096,,sha256,raw,valid,none,2026-09-01T12:00:00+00:00,0,,0
2026-08-18T06:19:00+00:00,rsa,4096,,sha256,pdf,indeterminate,none,,1,timestamp,0
2026-08-23T09:31:00+00:00,ec,256,secp384r1,sha512,pdf,indeterminate,untrusted,2026-09-01T12:00:00+00:00,1,,0
2026-08-29T02:26:00+00:00,rsa,2048,,sha256,raw,valid,trusted,2026-09-01T12:00:00+00:00,0,,0
2026-08-18T11:38:00+00:00,dsa,1024,,md5,pdf,invalid,error,2026-09-01T12:00:00+00:00,1,weak_crypto,1
2026-08-18T09:55:00+00:00,ec,256,secp384r1,sha256,raw,valid,none,2026-09-01T12:00:00+00:00,1,,0
2026-08-25T01:51:00+00:00,ed25519,256,,sha256,pdf,valid,trusted,2026-09-01T12:00:00+00:00,1,,0
2026-08-08T05:24:00+00:00,ec,256,secp384r1,sha256,pdf,valid,none,,1,,0
2026-08-13T08:51:00+00:00,ed25519,256,,sha384,raw,indeterminate,none,2026-09-01T12:00:00+00:00,1,timestamp,0
2026-08-24T12:49:00+00:00,ed25519,256,,sha512,raw,valid,none,2026-09-01T12:00:00+00:00,1,,0
2026-08-22T16:22:00+00:00,ec,256,secp384r1,sha256,pdf,valid,trusted,,1,,0
2026-08-06T21:51:00+00:00,rsa,3072,,sha256,raw,valid,none,2026-09-01T12:00:00+00:00,0,,0
2026-08-16T11:17:00+00:00,ed25519,256,,sha256,raw,valid,incomplete,2026-09-01T12:00:00+00:00,1,,0
2026-08-20T06:19:00+00:00,ec,256,secp384r1,sha256,jws,valid,none,2026-09-01T12:00:00+00:00,0,,0
2026-09-01T04:30:00+00:00,rsa,2048,,sha512,raw,invalid,untrusted,,1,forgery|policy,1
2026-08-24T01:58:00+00:00,ed25519,256,,sha256,pdf,valid,none,,0,,0
2026-08-07T12:04:00+00:00,ec,256,secp384r1,sha256,cms,valid,trusted,2026-09-01T12:00:00+00:00,0,,0
2026-08-15T02:44:00+00:00,rsa,2048,,sha256,raw,valid,none,2026-09-01T12:00:00+00:00,0,,0
2026-08-04T18:08:00+00:00,rsa,3072,,sha256,jws,valid,none,,1,,0
2026-08-10T00:07:00+00:00,ed25519,256,,sha256,pdf,valid,trusted,,1,,0
2026-08-05T15:04:00+00:00,rsa,3072,,sha384,pdf,invalid,trusted,2026-09-01T12:00:00+00:00,1,forgery,0
2026-09-01T04:57:00+00:00,rsa,3072,,sha256,cms,invalid,none,,0,forgery|policy,1
2026-08-12T13:42:00+00:00,ed25519,256,,sha256,jws,valid,none,,1,,0
2026-08-03T19:59:00+00:00,ed25519,256,,sha384,jws,valid,incomplete,,1,,0
2026-08-13T23:27:00+00:00,ed25519,256,,sha256,jws,invalid,trusted,,1,forgery,0
2026-08-05T12:20:00+00:00,rsa,2048,,sha256,cms,indeterminate,trusted,2026-09-01T12:00:00+00:00,1,timestamp,0
2026-08-10T10:19:00+00:00,ec,256,secp256r1,sha256,raw,valid,trusted,,0,,0
2026-09-01T12:00:00+00:00,ec,256,secp256r1,sha384,jws,indeterminate,trusted,2026-09-01T12:00:00+00:00,1,chain,0
2026-08-08T04:11:00+00:00,rsa,4096,,sha384,raw,valid,incomplete,2026-09-01T12:00:00+00:00,1,,0
2026-08-10T02:49:00+00:00,rsa,3072,,sha512,raw,invalid,none,2026-09-01T12:00:00+00:00,1,forgery,0
2026-08-16T14:05:00+00:00,rsa,2048,,sha256,pdf,valid,trusted,2026-09-01T12:00:00+00:00,0,,0
2026-08-09T12:03:00+00:00,rsa,4096,,sha256,cms,valid,untrusted,2026-09-01T12:00:00+00:00,1,,0
2026-08-20T14:20:00+00:00,rsa,2048,,sha512,pdf,valid,trusted,2026-09-01T12:00:00+00:00,0,,0
2026-08-28T13:48:00+00:00,ed25519,256,,sha384,raw,valid,trusted,2026-09-01T12:00:00+00:00,1,,0
